duration_in_secs,meter_id,packets,bytes
0.0,10,0,0
0.0,8,0,0
0.0,9,0,0
0.0,5,0,0
0.0,1,0,0
0.0,4,0,0
0.0,6,0,0
0.0,7,0,0
0.0,2,0,0
0.0,3,0,0
1.025744,10,0,0
1.025744,8,0,0
1.025744,9,0,0
1.025744,5,0,0
1.025744,1,11,11726
1.025744,4,0,0
1.025744,6,2,2132
1.025744,7,0,0
1.025744,2,0,0
1.025744,3,0,0
2.045685,10,0,0
2.045685,8,0,0
2.045685,9,0,0
2.045685,5,0,0
2.045685,1,40,42640
2.045685,4,0,0
2.045685,6,4,4264
2.045685,7,0,0
2.045685,2,0,0
2.045685,3,0,0
3.066546,10,0,0
3.066546,8,0,0
3.066546,9,0,0
3.066546,5,0,0
3.066546,1,68,72488
3.066546,4,0,0
3.066546,6,5,5330
3.066546,7,0,0
3.066546,2,0,0
3.066546,3,0,0
4.092837,10,0,0
4.092837,8,0,0
4.092837,9,0,0
4.092837,5,0,0
4.092837,1,97,103402
4.092837,4,0,0
4.092837,6,6,6396
4.092837,7,0,0
4.092837,2,0,0
4.092837,3,0,0
5.123436,10,0,0
5.123436,8,0,0
5.123436,9,0,0
5.123436,5,0,0
5.123436,1,126,134316
5.123436,4,0,0
5.123436,6,7,7462
5.123436,7,0,0
5.123436,2,0,0
5.123436,3,0,0
6.142496,10,0,0
6.142496,8,0,0
6.142496,9,0,0
6.142496,5,0,0
6.142496,1,155,165230
6.142496,4,0,0
6.142496,6,8,8528
6.142496,7,0,0
6.142496,2,0,0
6.142496,3,0,0
7.157159,10,0,0
7.157159,8,0,0
7.157159,9,0,0
7.157159,5,0,0
7.157159,1,184,196144
7.157159,4,0,0
7.157159,6,9,9594
7.157159,7,0,0
7.157159,2,0,0
7.157159,3,0,0
8.17984,10,0,0
8.17984,8,0,0
8.17984,9,0,0
8.17984,5,0,0
8.17984,1,212,225992
8.17984,4,0,0
8.17984,6,11,11726
8.17984,7,0,0
8.17984,2,0,0
8.17984,3,0,0
9.187547,10,0,0
9.187547,8,0,0
9.187547,9,0,0
9.187547,5,0,0
9.187547,1,240,255840
9.187547,4,0,0
9.187547,6,12,12792
9.187547,7,0,0
9.187547,2,0,0
9.187547,3,0,0
10.194957,10,0,0
10.194957,8,0,0
10.194957,9,0,0
10.194957,5,0,0
10.194957,1,269,286754
10.194957,4,0,0
10.194957,6,13,13858
10.194957,7,0,0
10.194957,2,0,0
10.194957,3,0,0
11.202432,10,0,0
11.202432,8,0,0
11.202432,9,0,0
11.202432,5,0,0
11.202432,1,298,317668
11.202432,4,0,0
11.202432,6,14,14924
11.202432,7,0,0
11.202432,2,0,0
11.202432,3,0,0
12.236504,10,0,0
12.236504,8,0,0
12.236504,9,0,0
12.236504,5,0,0
12.236504,1,327,348582
12.236504,4,0,0
12.236504,6,15,15990
12.236504,7,0,0
12.236504,2,0,0
12.236504,3,0,0
13.269496,10,0,0
13.269496,8,0,0
13.269496,9,0,0
13.269496,5,0,0
13.269496,1,356,379496
13.269496,4,0,0
13.269496,6,16,17056
13.269496,7,0,0
13.269496,2,0,0
13.269496,3,0,0
14.315487,10,0,0
14.315487,8,0,0
14.315487,9,0,0
14.315487,5,0,0
14.315487,1,385,410410
14.315487,4,0,0
14.315487,6,18,19188
14.315487,7,0,0
14.315487,2,0,0
14.315487,3,0,0
15.347255,10,0,0
15.347255,8,0,0
15.347255,9,0,0
15.347255,5,0,0
15.347255,1,414,441324
15.347255,4,0,0
15.347255,6,19,20254
15.347255,7,0,0
15.347255,2,0,0
15.347255,3,0,0
16.373131,10,0,0
16.373131,8,0,0
16.373131,9,0,0
16.373131,5,0,0
16.373131,1,443,472238
16.373131,4,0,0
16.373131,6,20,21320
16.373131,7,0,0
16.373131,2,0,0
16.373131,3,0,0
17.393224,10,0,0
17.393224,8,0,0
17.393224,9,0,0
17.393224,5,0,0
17.393224,1,471,502086
17.393224,4,0,0
17.393224,6,21,22386
17.393224,7,0,0
17.393224,2,0,0
17.393224,3,0,0
18.400763,10,0,0
18.400763,8,0,0
18.400763,9,0,0
18.400763,5,0,0
18.400763,1,500,533000
18.400763,4,0,0
18.400763,6,22,23452
18.400763,7,0,0
18.400763,2,0,0
18.400763,3,0,0
19.409604,10,0,0
19.409604,8,0,0
19.409604,9,0,0
19.409604,5,0,0
19.409604,1,500,533000
19.409604,4,0,0
19.409604,6,23,24518
19.409604,7,0,0
19.409604,2,0,0
19.409604,3,0,0
20.438057,10,0,0
20.438057,8,0,0
20.438057,9,0,0
20.438057,5,0,0
20.438057,1,500,533000
20.438057,4,0,0
20.438057,6,25,26650
20.438057,7,0,0
20.438057,2,0,0
20.438057,3,0,0
21.477531,10,0,0
21.477531,8,0,0
21.477531,9,0,0
21.477531,5,0,0
21.477531,1,500,533000
21.477531,4,0,0
21.477531,6,26,27716
21.477531,7,0,0
21.477531,2,0,0
21.477531,3,0,0
22.508082,10,0,0
22.508082,8,0,0
22.508082,9,0,0
22.508082,5,0,0
22.508082,1,500,533000
22.508082,4,0,0
22.508082,6,27,28782
22.508082,7,0,0
22.508082,2,0,0
22.508082,3,0,0
23.537081,10,0,0
23.537081,8,0,0
23.537081,9,0,0
23.537081,5,0,0
23.537081,1,500,533000
23.537081,4,0,0
23.537081,6,28,29848
23.537081,7,0,0
23.537081,2,0,0
23.537081,3,0,0
24.573054,10,0,0
24.573054,8,0,0
24.573054,9,0,0
24.573054,5,0,0
24.573054,1,500,533000
24.573054,4,0,0
24.573054,6,29,30914
24.573054,7,0,0
24.573054,2,0,0
24.573054,3,0,0
25.606893,10,0,0
25.606893,8,0,0
25.606893,9,0,0
25.606893,5,0,0
25.606893,1,500,533000
25.606893,4,0,0
25.606893,6,31,33046
25.606893,7,0,0
25.606893,2,0,0
25.606893,3,0,0
26.64045,10,0,0
26.64045,8,0,0
26.64045,9,0,0
26.64045,5,0,0
26.64045,1,500,533000
26.64045,4,0,0
26.64045,6,32,34112
26.64045,7,0,0
26.64045,2,0,0
26.64045,3,0,0
27.669669,10,0,0
27.669669,8,0,0
27.669669,9,0,0
27.669669,5,0,0
27.669669,1,500,533000
27.669669,4,0,0
27.669669,6,33,35178
27.669669,7,0,0
27.669669,2,0,0
27.669669,3,0,0
28.704196,10,0,0
28.704196,8,0,0
28.704196,9,0,0
28.704196,5,0,0
28.704196,1,500,533000
28.704196,4,0,0
28.704196,6,34,36244
28.704196,7,0,0
28.704196,2,0,0
28.704196,3,0,0
29.732419,10,0,0
29.732419,8,0,0
29.732419,9,0,0
29.732419,5,0,0
29.732419,1,500,533000
29.732419,4,0,0
29.732419,6,35,37310
29.732419,7,0,0
29.732419,2,0,0
29.732419,3,0,0
30.751407,10,0,0
30.751407,8,0,0
30.751407,9,0,0
30.751407,5,0,0
30.751407,1,500,533000
30.751407,4,0,0
30.751407,6,37,39442
30.751407,7,0,0
30.751407,2,0,0
30.751407,3,0,0
31.782923,10,0,0
31.782923,8,0,0
31.782923,9,0,0
31.782923,5,0,0
31.782923,1,500,533000
31.782923,4,0,0
31.782923,6,38,40508
31.782923,7,0,0
31.782923,2,0,0
31.782923,3,0,0
32.810434,10,0,0
32.810434,8,0,0
32.810434,9,0,0
32.810434,5,0,0
32.810434,1,500,533000
32.810434,4,0,0
32.810434,6,39,41574
32.810434,7,0,0
32.810434,2,0,0
32.810434,3,0,0
33.840336,10,0,0
33.840336,8,0,0
33.840336,9,0,0
33.840336,5,0,0
33.840336,1,500,533000
33.840336,4,0,0
33.840336,6,40,42640
33.840336,7,0,0
33.840336,2,0,0
33.840336,3,0,0
34.869893,10,0,0
34.869893,8,0,0
34.869893,9,0,0
34.869893,5,0,0
34.869893,1,500,533000
34.869893,4,0,0
34.869893,6,41,43706
34.869893,7,0,0
34.869893,2,0,0
34.869893,3,0,0
35.908085,10,0,0
35.908085,8,0,0
35.908085,9,0,0
35.908085,5,0,0
35.908085,1,500,533000
35.908085,4,0,0
35.908085,6,42,44772
35.908085,7,0,0
35.908085,2,0,0
35.908085,3,0,0
36.930804,10,0,0
36.930804,8,0,0
36.930804,9,0,0
36.930804,5,0,0
36.930804,1,500,533000
36.930804,4,0,0
36.930804,6,44,46904
36.930804,7,0,0
36.930804,2,0,0
36.930804,3,0,0
37.957016,10,0,0
37.957016,8,0,0
37.957016,9,0,0
37.957016,5,0,0
37.957016,1,500,533000
37.957016,4,0,0
37.957016,6,45,47970
37.957016,7,0,0
37.957016,2,0,0
37.957016,3,0,0
38.983225,10,0,0
38.983225,8,0,0
38.983225,9,0,0
38.983225,5,0,0
38.983225,1,500,533000
38.983225,4,0,0
38.983225,6,46,49036
38.983225,7,0,0
38.983225,2,0,0
38.983225,3,0,0
40.017643,10,0,0
40.017643,8,0,0
40.017643,9,0,0
40.017643,5,0,0
40.017643,1,500,533000
40.017643,4,0,0
40.017643,6,47,50102
40.017643,7,0,0
40.017643,2,0,0
40.017643,3,0,0
41.046904,10,0,0
41.046904,8,0,0
41.046904,9,0,0
41.046904,5,0,0
41.046904,1,500,533000
41.046904,4,0,0
41.046904,6,48,51168
41.046904,7,0,0
41.046904,2,0,0
41.046904,3,0,0
42.077116,10,0,0
42.077116,8,0,0
42.077116,9,0,0
42.077116,5,0,0
42.077116,1,500,533000
42.077116,4,0,0
42.077116,6,50,53300
42.077116,7,0,0
42.077116,2,0,0
42.077116,3,0,0
43.103653,10,0,0
43.103653,8,0,0
43.103653,9,0,0
43.103653,5,0,0
43.103653,1,500,533000
43.103653,4,0,0
43.103653,6,51,54366
43.103653,7,0,0
43.103653,2,0,0
43.103653,3,0,0
44.12933,10,0,0
44.12933,8,0,0
44.12933,9,0,0
44.12933,5,0,0
44.12933,1,500,533000
44.12933,4,0,0
44.12933,6,52,55432
44.12933,7,0,0
44.12933,2,0,0
44.12933,3,0,0
45.153097,10,0,0
45.153097,8,0,0
45.153097,9,0,0
45.153097,5,0,0
45.153097,1,500,533000
45.153097,4,0,0
45.153097,6,53,56498
45.153097,7,0,0
45.153097,2,0,0
45.153097,3,0,0
46.163611,10,0,0
46.163611,8,0,0
46.163611,9,0,0
46.163611,5,0,0
46.163611,1,500,533000
46.163611,4,0,0
46.163611,6,54,57564
46.163611,7,0,0
46.163611,2,0,0
46.163611,3,0,0
47.171269,10,0,0
47.171269,8,0,0
47.171269,9,0,0
47.171269,5,0,0
47.171269,1,500,533000
47.171269,4,0,0
47.171269,6,55,58630
47.171269,7,0,0
47.171269,2,0,0
47.171269,3,0,0
48.185657,10,0,0
48.185657,8,0,0
48.185657,9,0,0
48.185657,5,0,0
48.185657,1,500,533000
48.185657,4,0,0
48.185657,6,57,60762
48.185657,7,0,0
48.185657,2,0,0
48.185657,3,0,0
49.198836,10,0,0
49.198836,8,0,0
49.198836,9,0,0
49.198836,5,0,0
49.198836,1,500,533000
49.198836,4,0,0
49.198836,6,58,61828
49.198836,7,0,0
49.198836,2,0,0
49.198836,3,0,0
50.233742,10,0,0
50.233742,8,0,0
50.233742,9,0,0
50.233742,5,0,0
50.233742,1,500,533000
50.233742,4,0,0
50.233742,6,59,62894
50.233742,7,0,0
50.233742,2,0,0
50.233742,3,0,0
51.240782,10,0,0
51.240782,8,0,0
51.240782,9,0,0
51.240782,5,0,0
51.240782,1,500,533000
51.240782,4,0,0
51.240782,6,60,63960
51.240782,7,0,0
51.240782,2,0,0
51.240782,3,0,0
52.249158,10,0,0
52.249158,8,0,0
52.249158,9,0,0
52.249158,5,0,0
52.249158,1,500,533000
52.249158,4,0,0
52.249158,6,61,65026
52.249158,7,0,0
52.249158,2,0,0
52.249158,3,0,0
53.277951,10,0,0
53.277951,8,0,0
53.277951,9,0,0
53.277951,5,0,0
53.277951,1,500,533000
53.277951,4,0,0
53.277951,6,62,66092
53.277951,7,0,0
53.277951,2,0,0
53.277951,3,0,0
54.313685,10,0,0
54.313685,8,0,0
54.313685,9,0,0
54.313685,5,0,0
54.313685,1,500,533000
54.313685,4,0,0
54.313685,6,64,68224
54.313685,7,0,0
54.313685,2,0,0
54.313685,3,0,0
55.349979,10,0,0
55.349979,8,0,0
55.349979,9,0,0
55.349979,5,0,0
55.349979,1,500,533000
55.349979,4,0,0
55.349979,6,65,69290
55.349979,7,0,0
55.349979,2,0,0
55.349979,3,0,0
56.382175,10,0,0
56.382175,8,0,0
56.382175,9,0,0
56.382175,5,0,0
56.382175,1,500,533000
56.382175,4,0,0
56.382175,6,66,70356
56.382175,7,0,0
56.382175,2,0,0
56.382175,3,0,0
57.389559,10,0,0
57.389559,8,0,0
57.389559,9,0,0
57.389559,5,0,0
57.389559,1,500,533000
57.389559,4,0,0
57.389559,6,67,71422
57.389559,7,0,0
57.389559,2,0,0
57.389559,3,0,0
58.413391,10,0,0
58.413391,8,0,0
58.413391,9,0,0
58.413391,5,0,0
58.413391,1,500,533000
58.413391,4,0,0
58.413391,6,68,72488
58.413391,7,0,0
58.413391,2,0,0
58.413391,3,0,0
59.448035,10,0,0
59.448035,8,0,0
59.448035,9,0,0
59.448035,5,0,0
59.448035,1,500,533000
59.448035,4,0,0
59.448035,6,69,73554
59.448035,7,0,0
59.448035,2,0,0
59.448035,3,0,0
60.458398,10,0,0
60.458398,8,0,0
60.458398,9,0,0
60.458398,5,0,0
60.458398,1,500,533000
60.458398,4,0,0
60.458398,6,71,75686
60.458398,7,0,0
60.458398,2,0,0
60.458398,3,0,0
61.473529,10,0,0
61.473529,8,0,0
61.473529,9,0,0
61.473529,5,0,0
61.473529,1,500,533000
61.473529,4,0,0
61.473529,6,72,76752
61.473529,7,0,0
61.473529,2,0,0
61.473529,3,0,0
62.506368,10,0,0
62.506368,8,0,0
62.506368,9,0,0
62.506368,5,0,0
62.506368,1,500,533000
62.506368,4,0,0
62.506368,6,73,77818
62.506368,7,0,0
62.506368,2,0,0
62.506368,3,0,0
63.533717,10,0,0
63.533717,8,0,0
63.533717,9,0,0
63.533717,5,0,0
63.533717,1,500,533000
63.533717,4,0,0
63.533717,6,74,78884
63.533717,7,0,0
63.533717,2,0,0
63.533717,3,0,0
64.548668,10,0,0
64.548668,8,0,0
64.548668,9,0,0
64.548668,5,0,0
64.548668,1,500,533000
64.548668,4,0,0
64.548668,6,75,79950
64.548668,7,0,0
64.548668,2,0,0
64.548668,3,0,0
65.578317,10,0,0
65.578317,8,0,0
65.578317,9,0,0
65.578317,5,0,0
65.578317,1,500,533000
65.578317,4,0,0
65.578317,6,77,82082
65.578317,7,0,0
65.578317,2,0,0
65.578317,3,0,0
66.601758,10,0,0
66.601758,8,0,0
66.601758,9,0,0
66.601758,5,0,0
66.601758,1,500,533000
66.601758,4,0,0
66.601758,6,78,83148
66.601758,7,0,0
66.601758,2,0,0
66.601758,3,0,0
67.635625,10,0,0
67.635625,8,0,0
67.635625,9,0,0
67.635625,5,0,0
67.635625,1,500,533000
67.635625,4,0,0
67.635625,6,79,84214
67.635625,7,0,0
67.635625,2,0,0
67.635625,3,0,0
68.669861,10,0,0
68.669861,8,0,0
68.669861,9,0,0
68.669861,5,0,0
68.669861,1,500,533000
68.669861,4,0,0
68.669861,6,80,85280
68.669861,7,0,0
68.669861,2,0,0
68.669861,3,0,0
69.712431,10,0,0
69.712431,8,0,0
69.712431,9,0,0
69.712431,5,0,0
69.712431,1,500,533000
69.712431,4,0,0
69.712431,6,81,86346
69.712431,7,0,0
69.712431,2,0,0
69.712431,3,0,0
70.741536,10,0,0
70.741536,8,0,0
70.741536,9,0,0
70.741536,5,0,0
70.741536,1,500,533000
70.741536,4,0,0
70.741536,6,82,87412
70.741536,7,0,0
70.741536,2,0,0
70.741536,3,0,0
71.77052,10,0,0
71.77052,8,0,0
71.77052,9,0,0
71.77052,5,0,0
71.77052,1,500,533000
71.77052,4,0,0
71.77052,6,84,89544
71.77052,7,0,0
71.77052,2,0,0
71.77052,3,0,0
72.799951,10,0,0
72.799951,8,0,0
72.799951,9,0,0
72.799951,5,0,0
72.799951,1,500,533000
72.799951,4,0,0
72.799951,6,85,90610
72.799951,7,0,0
72.799951,2,0,0
72.799951,3,0,0
73.830599,10,0,0
73.830599,8,0,0
73.830599,9,0,0
73.830599,5,0,0
73.830599,1,500,533000
73.830599,4,0,0
73.830599,6,86,91676
73.830599,7,0,0
73.830599,2,0,0
73.830599,3,0,0
74.863573,10,0,0
74.863573,8,0,0
74.863573,9,0,0
74.863573,5,0,0
74.863573,1,500,533000
74.863573,4,0,0
74.863573,6,87,92742
74.863573,7,0,0
74.863573,2,0,0
74.863573,3,0,0
75.898583,10,0,0
75.898583,8,0,0
75.898583,9,0,0
75.898583,5,0,0
75.898583,1,500,533000
75.898583,4,0,0
75.898583,6,88,93808
75.898583,7,0,0
75.898583,2,0,0
75.898583,3,0,0
76.930589,10,0,0
76.930589,8,0,0
76.930589,9,0,0
76.930589,5,0,0
76.930589,1,500,533000
76.930589,4,0,0
76.930589,6,90,95940
76.930589,7,0,0
76.930589,2,0,0
76.930589,3,0,0
77.970914,10,0,0
77.970914,8,0,0
77.970914,9,0,0
77.970914,5,0,0
77.970914,1,500,533000
77.970914,4,0,0
77.970914,6,91,97006
77.970914,7,0,0
77.970914,2,0,0
77.970914,3,0,0
79.003422,10,0,0
79.003422,8,0,0
79.003422,9,0,0
79.003422,5,0,0
79.003422,1,500,533000
79.003422,4,0,0
79.003422,6,92,98072
79.003422,7,0,0
79.003422,2,0,0
79.003422,3,0,0
80.038725,10,0,0
80.038725,8,0,0
80.038725,9,0,0
80.038725,5,0,0
80.038725,1,500,533000
80.038725,4,0,0
80.038725,6,93,99138
80.038725,7,0,0
80.038725,2,0,0
80.038725,3,0,0
81.084031,10,0,0
81.084031,8,0,0
81.084031,9,0,0
81.084031,5,0,0
81.084031,1,500,533000
81.084031,4,0,0
81.084031,6,94,100204
81.084031,7,0,0
81.084031,2,0,0
81.084031,3,0,0
82.098986,10,0,0
82.098986,8,0,0
82.098986,9,0,0
82.098986,5,0,0
82.098986,1,500,533000
82.098986,4,0,0
82.098986,6,96,102336
82.098986,7,0,0
82.098986,2,0,0
82.098986,3,0,0
83.10898,10,0,0
83.10898,8,0,0
83.10898,9,0,0
83.10898,5,0,0
83.10898,1,500,533000
83.10898,4,0,0
83.10898,6,97,103402
83.10898,7,0,0
83.10898,2,0,0
83.10898,3,0,0
84.118628,10,0,0
84.118628,8,0,0
84.118628,9,0,0
84.118628,5,0,0
84.118628,1,500,533000
84.118628,4,0,0
84.118628,6,98,104468
84.118628,7,0,0
84.118628,2,0,0
84.118628,3,0,0
85.126119,10,0,0
85.126119,8,0,0
85.126119,9,0,0
85.126119,5,0,0
85.126119,1,500,533000
85.126119,4,0,0
85.126119,6,99,105534
85.126119,7,0,0
85.126119,2,0,0
85.126119,3,0,0
86.156604,10,0,0
86.156604,8,0,0
86.156604,9,0,0
86.156604,5,0,0
86.156604,1,500,533000
86.156604,4,0,0
86.156604,6,100,106600
86.156604,7,0,0
86.156604,2,0,0
86.156604,3,0,0
87.173316,10,0,0
87.173316,8,0,0
87.173316,9,0,0
87.173316,5,0,0
87.173316,1,500,533000
87.173316,4,0,0
87.173316,6,101,107666
87.173316,7,0,0
87.173316,2,0,0
87.173316,3,0,0
88.205983,10,0,0
88.205983,8,0,0
88.205983,9,0,0
88.205983,5,0,0
88.205983,1,500,533000
88.205983,4,0,0
88.205983,6,103,109798
88.205983,7,0,0
88.205983,2,0,0
88.205983,3,0,0
89.239543,10,0,0
89.239543,8,0,0
89.239543,9,0,0
89.239543,5,0,0
89.239543,1,500,533000
89.239543,4,0,0
89.239543,6,104,110864
89.239543,7,0,0
89.239543,2,0,0
89.239543,3,0,0
90.268729,10,0,0
90.268729,8,0,0
90.268729,9,0,0
90.268729,5,0,0
90.268729,1,500,533000
90.268729,4,0,0
90.268729,6,105,111930
90.268729,7,0,0
90.268729,2,0,0
90.268729,3,0,0
91.292865,10,0,0
91.292865,8,0,0
91.292865,9,0,0
91.292865,5,0,0
91.292865,1,500,533000
91.292865,4,0,0
91.292865,6,106,112996
91.292865,7,0,0
91.292865,2,0,0
91.292865,3,0,0
92.327218,10,0,0
92.327218,8,0,0
92.327218,9,0,0
92.327218,5,0,0
92.327218,1,500,533000
92.327218,4,0,0
92.327218,6,107,114062
92.327218,7,0,0
92.327218,2,0,0
92.327218,3,0,0
93.341597,10,0,0
93.341597,8,0,0
93.341597,9,0,0
93.341597,5,0,0
93.341597,1,500,533000
93.341597,4,0,0
93.341597,6,108,115128
93.341597,7,0,0
93.341597,2,0,0
93.341597,3,0,0
94.378361,10,0,0
94.378361,8,0,0
94.378361,9,0,0
94.378361,5,0,0
94.378361,1,500,533000
94.378361,4,0,0
94.378361,6,110,117260
94.378361,7,0,0
94.378361,2,0,0
94.378361,3,0,0
95.386235,10,0,0
95.386235,8,0,0
95.386235,9,0,0
95.386235,5,0,0
95.386235,1,500,533000
95.386235,4,0,0
95.386235,6,111,118326
95.386235,7,0,0
95.386235,2,0,0
95.386235,3,0,0
96.393132,10,0,0
96.393132,8,0,0
96.393132,9,0,0
96.393132,5,0,0
96.393132,1,500,533000
96.393132,4,0,0
96.393132,6,112,119392
96.393132,7,0,0
96.393132,2,0,0
96.393132,3,0,0
97.408588,10,0,0
97.408588,8,0,0
97.408588,9,0,0
97.408588,5,0,0
97.408588,1,500,533000
97.408588,4,0,0
97.408588,6,113,120458
97.408588,7,0,0
97.408588,2,0,0
97.408588,3,0,0
98.439376,10,0,0
98.439376,8,0,0
98.439376,9,0,0
98.439376,5,0,0
98.439376,1,500,533000
98.439376,4,0,0
98.439376,6,114,121524
98.439376,7,0,0
98.439376,2,0,0
98.439376,3,0,0
99.446337,10,0,0
99.446337,8,0,0
99.446337,9,0,0
99.446337,5,0,0
99.446337,1,500,533000
99.446337,4,0,0
99.446337,6,115,122590
99.446337,7,0,0
99.446337,2,0,0
99.446337,3,0,0
100.479165,10,0,0
100.479165,8,0,0
100.479165,9,0,0
100.479165,5,0,0
100.479165,1,500,533000
100.479165,4,0,0
100.479165,6,117,124722
100.479165,7,0,0
100.479165,2,0,0
100.479165,3,0,0
101.492558,10,0,0
101.492558,8,0,0
101.492558,9,0,0
101.492558,5,0,0
101.492558,1,500,533000
101.492558,4,0,0
101.492558,6,118,125788
101.492558,7,0,0
101.492558,2,0,0
101.492558,3,0,0
102.520892,10,0,0
102.520892,8,0,0
102.520892,9,0,0
102.520892,5,0,0
102.520892,1,500,533000
102.520892,4,0,0
102.520892,6,119,126854
102.520892,7,0,0
102.520892,2,0,0
102.520892,3,0,0
103.550063,10,0,0
103.550063,8,0,0
103.550063,9,0,0
103.550063,5,0,0
103.550063,1,500,533000
103.550063,4,0,0
103.550063,6,120,127920
103.550063,7,0,0
103.550063,2,0,0
103.550063,3,0,0
104.579217,10,0,0
104.579217,8,0,0
104.579217,9,0,0
104.579217,5,0,0
104.579217,1,500,533000
104.579217,4,0,0
104.579217,6,121,128986
104.579217,7,0,0
104.579217,2,0,0
104.579217,3,0,0
105.609006,10,0,0
105.609006,8,0,0
105.609006,9,0,0
105.609006,5,0,0
105.609006,1,500,533000
105.609006,4,0,0
105.609006,6,123,131118
105.609006,7,0,0
105.609006,2,0,0
105.609006,3,0,0
106.637014,10,0,0
106.637014,8,0,0
106.637014,9,0,0
106.637014,5,0,0
106.637014,1,500,533000
106.637014,4,0,0
106.637014,6,124,132184
106.637014,7,0,0
106.637014,2,0,0
106.637014,3,0,0
107.651193,10,0,0
107.651193,8,0,0
107.651193,9,0,0
107.651193,5,0,0
107.651193,1,500,533000
107.651193,4,0,0
107.651193,6,125,133250
107.651193,7,0,0
107.651193,2,0,0
107.651193,3,0,0
108.686993,10,0,0
108.686993,8,0,0
108.686993,9,0,0
108.686993,5,0,0
108.686993,1,500,533000
108.686993,4,0,0
108.686993,6,126,134316
108.686993,7,0,0
108.686993,2,0,0
108.686993,3,0,0
109.720302,10,0,0
109.720302,8,0,0
109.720302,9,0,0
109.720302,5,0,0
109.720302,1,500,533000
109.720302,4,0,0
109.720302,6,127,135382
109.720302,7,0,0
109.720302,2,0,0
109.720302,3,0,0
110.754677,10,0,0
110.754677,8,0,0
110.754677,9,0,0
110.754677,5,0,0
110.754677,1,500,533000
110.754677,4,0,0
110.754677,6,128,136448
110.754677,7,0,0
110.754677,2,0,0
110.754677,3,0,0
111.762208,10,0,0
111.762208,8,0,0
111.762208,9,0,0
111.762208,5,0,0
111.762208,1,500,533000
111.762208,4,0,0
111.762208,6,130,138580
111.762208,7,0,0
111.762208,2,0,0
111.762208,3,0,0
112.797747,10,0,0
112.797747,8,0,0
112.797747,9,0,0
112.797747,5,0,0
112.797747,1,500,533000
112.797747,4,0,0
112.797747,6,131,139646
112.797747,7,0,0
112.797747,2,0,0
112.797747,3,0,0
113.829957,10,0,0
113.829957,8,0,0
113.829957,9,0,0
113.829957,5,0,0
113.829957,1,500,533000
113.829957,4,0,0
113.829957,6,132,140712
113.829957,7,0,0
113.829957,2,0,0
113.829957,3,0,0
114.860094,10,0,0
114.860094,8,0,0
114.860094,9,0,0
114.860094,5,0,0
114.860094,1,500,533000
114.860094,4,0,0
114.860094,6,133,141778
114.860094,7,0,0
114.860094,2,0,0
114.860094,3,0,0
115.88701,10,0,0
115.88701,8,0,0
115.88701,9,0,0
115.88701,5,0,0
115.88701,1,500,533000
115.88701,4,0,0
115.88701,6,134,142844
115.88701,7,0,0
115.88701,2,0,0
115.88701,3,0,0
116.936809,10,0,0
116.936809,8,0,0
116.936809,9,0,0
116.936809,5,0,0
116.936809,1,500,533000
116.936809,4,0,0
116.936809,6,136,144976
116.936809,7,0,0
116.936809,2,0,0
116.936809,3,0,0
117.969331,10,0,0
117.969331,8,0,0
117.969331,9,0,0
117.969331,5,0,0
117.969331,1,500,533000
117.969331,4,0,0
117.969331,6,137,146042
117.969331,7,0,0
117.969331,2,0,0
117.969331,3,0,0
119.002266,10,0,0
119.002266,8,0,0
119.002266,9,0,0
119.002266,5,0,0
119.002266,1,500,533000
119.002266,4,0,0
119.002266,6,138,147108
119.002266,7,0,0
119.002266,2,0,0
119.002266,3,0,0
120.032544,10,0,0
120.032544,8,0,0
120.032544,9,0,0
120.032544,5,0,0
120.032544,1,500,533000
120.032544,4,0,0
120.032544,6,139,148174
120.032544,7,0,0
120.032544,2,0,0
120.032544,3,0,0
121.07796,10,0,0
121.07796,8,0,0
121.07796,9,0,0
121.07796,5,0,0
121.07796,1,500,533000
121.07796,4,0,0
121.07796,6,140,149240
121.07796,7,0,0
121.07796,2,0,0
121.07796,3,0,0
122.100712,10,0,0
122.100712,8,0,0
122.100712,9,0,0
122.100712,5,0,0
122.100712,1,500,533000
122.100712,4,0,0
122.100712,6,141,150306
122.100712,7,0,0
122.100712,2,0,0
122.100712,3,0,0
123.10941,10,0,0
123.10941,8,0,0
123.10941,9,0,0
123.10941,5,0,0
123.10941,1,500,533000
123.10941,4,0,0
123.10941,6,143,152438
123.10941,7,0,0
123.10941,2,0,0
123.10941,3,0,0
124.116985,10,0,0
124.116985,8,0,0
124.116985,9,0,0
124.116985,5,0,0
124.116985,1,500,533000
124.116985,4,0,0
124.116985,6,144,153504
124.116985,7,0,0
124.116985,2,0,0
124.116985,3,0,0
125.124972,10,0,0
125.124972,8,0,0
125.124972,9,0,0
125.124972,5,0,0
125.124972,1,500,533000
125.124972,4,0,0
125.124972,6,145,154570
125.124972,7,0,0
125.124972,2,0,0
125.124972,3,0,0
126.150178,10,0,0
126.150178,8,0,0
126.150178,9,0,0
126.150178,5,0,0
126.150178,1,500,533000
126.150178,4,0,0
126.150178,6,146,155636
126.150178,7,0,0
126.150178,2,0,0
126.150178,3,0,0
127.187308,10,0,0
127.187308,8,0,0
127.187308,9,0,0
127.187308,5,0,0
127.187308,1,500,533000
127.187308,4,0,0
127.187308,6,147,156702
127.187308,7,0,0
127.187308,2,0,0
127.187308,3,0,0
128.216345,10,0,0
128.216345,8,0,0
128.216345,9,0,0
128.216345,5,0,0
128.216345,1,500,533000
128.216345,4,0,0
128.216345,6,149,158834
128.216345,7,0,0
128.216345,2,0,0
128.216345,3,0,0
129.245236,10,0,0
129.245236,8,0,0
129.245236,9,0,0
129.245236,5,0,0
129.245236,1,500,533000
129.245236,4,0,0
129.245236,6,150,159900
129.245236,7,0,0
129.245236,2,0,0
129.245236,3,0,0
130.277976,10,0,0
130.277976,8,0,0
130.277976,9,0,0
130.277976,5,0,0
130.277976,1,500,533000
130.277976,4,0,0
130.277976,6,151,160966
130.277976,7,0,0
130.277976,2,0,0
130.277976,3,0,0
131.30466,10,0,0
131.30466,8,0,0
131.30466,9,0,0
131.30466,5,0,0
131.30466,1,500,533000
131.30466,4,0,0
131.30466,6,152,162032
131.30466,7,0,0
131.30466,2,0,0
131.30466,3,0,0
132.334306,10,0,0
132.334306,8,0,0
132.334306,9,0,0
132.334306,5,0,0
132.334306,1,500,533000
132.334306,4,0,0
132.334306,6,153,163098
132.334306,7,0,0
132.334306,2,0,0
132.334306,3,0,0
133.366301,10,0,0
133.366301,8,0,0
133.366301,9,0,0
133.366301,5,0,0
133.366301,1,500,533000
133.366301,4,0,0
133.366301,6,154,164164
133.366301,7,0,0
133.366301,2,0,0
133.366301,3,0,0
134.394523,10,0,0
134.394523,8,0,0
134.394523,9,0,0
134.394523,5,0,0
134.394523,1,500,533000
134.394523,4,0,0
134.394523,6,156,166296
134.394523,7,0,0
134.394523,2,0,0
134.394523,3,0,0
135.432176,10,0,0
135.432176,8,0,0
135.432176,9,0,0
135.432176,5,0,0
135.432176,1,500,533000
135.432176,4,0,0
135.432176,6,157,167362
135.432176,7,0,0
135.432176,2,0,0
135.432176,3,0,0
136.463826,10,0,0
136.463826,8,0,0
136.463826,9,0,0
136.463826,5,0,0
136.463826,1,500,533000
136.463826,4,0,0
136.463826,6,158,168428
136.463826,7,0,0
136.463826,2,0,0
136.463826,3,0,0
137.502352,10,0,0
137.502352,8,0,0
137.502352,9,0,0
137.502352,5,0,0
137.502352,1,500,533000
137.502352,4,0,0
137.502352,6,159,169494
137.502352,7,0,0
137.502352,2,0,0
137.502352,3,0,0
138.534632,10,0,0
138.534632,8,0,0
138.534632,9,0,0
138.534632,5,0,0
138.534632,1,500,533000
138.534632,4,0,0
138.534632,6,160,170560
138.534632,7,0,0
138.534632,2,0,0
138.534632,3,0,0
139.544738,10,0,0
139.544738,8,0,0
139.544738,9,0,0
139.544738,5,0,0
139.544738,1,500,533000
139.544738,4,0,0
139.544738,6,162,172692
139.544738,7,0,0
139.544738,2,0,0
139.544738,3,0,0
140.570234,10,0,0
140.570234,8,0,0
140.570234,9,0,0
140.570234,5,0,0
140.570234,1,500,533000
140.570234,4,0,0
140.570234,6,163,173758
140.570234,7,0,0
140.570234,2,0,0
140.570234,3,0,0
141.599744,10,0,0
141.599744,8,0,0
141.599744,9,0,0
141.599744,5,0,0
141.599744,1,500,533000
141.599744,4,0,0
141.599744,6,164,174824
141.599744,7,0,0
141.599744,2,0,0
141.599744,3,0,0
142.616483,10,0,0
142.616483,8,0,0
142.616483,9,0,0
142.616483,5,0,0
142.616483,1,500,533000
142.616483,4,0,0
142.616483,6,165,175890
142.616483,7,0,0
142.616483,2,0,0
142.616483,3,0,0
143.623337,10,0,0
143.623337,8,0,0
143.623337,9,0,0
143.623337,5,0,0
143.623337,1,500,533000
143.623337,4,0,0
143.623337,6,166,176956
143.623337,7,0,0
143.623337,2,0,0
143.623337,3,0,0
144.658942,10,0,0
144.658942,8,0,0
144.658942,9,0,0
144.658942,5,0,0
144.658942,1,500,533000
144.658942,4,0,0
144.658942,6,167,178022
144.658942,7,0,0
144.658942,2,0,0
144.658942,3,0,0
145.689625,10,0,0
145.689625,8,0,0
145.689625,9,0,0
145.689625,5,0,0
145.689625,1,500,533000
145.689625,4,0,0
145.689625,6,169,180154
145.689625,7,0,0
145.689625,2,0,0
145.689625,3,0,0
146.722666,10,0,0
146.722666,8,0,0
146.722666,9,0,0
146.722666,5,0,0
146.722666,1,500,533000
146.722666,4,0,0
146.722666,6,170,181220
146.722666,7,0,0
146.722666,2,0,0
146.722666,3,0,0
147.750497,10,0,0
147.750497,8,0,0
147.750497,9,0,0
147.750497,5,0,0
147.750497,1,500,533000
147.750497,4,0,0
147.750497,6,171,182286
147.750497,7,0,0
147.750497,2,0,0
147.750497,3,0,0
148.778991,10,0,0
148.778991,8,0,0
148.778991,9,0,0
148.778991,5,0,0
148.778991,1,500,533000
148.778991,4,0,0
148.778991,6,172,183352
148.778991,7,0,0
148.778991,2,0,0
148.778991,3,0,0
149.809387,10,0,0
149.809387,8,0,0
149.809387,9,0,0
149.809387,5,0,0
149.809387,1,500,533000
149.809387,4,0,0
149.809387,6,173,184418
149.809387,7,0,0
149.809387,2,0,0
149.809387,3,0,0
150.842859,10,0,0
150.842859,8,0,0
150.842859,9,0,0
150.842859,5,0,0
150.842859,1,500,533000
150.842859,4,0,0
150.842859,6,175,186550
150.842859,7,0,0
150.842859,2,0,0
150.842859,3,0,0
151.869397,10,0,0
151.869397,8,0,0
151.869397,9,0,0
151.869397,5,0,0
151.869397,1,500,533000
151.869397,4,0,0
151.869397,6,176,187616
151.869397,7,0,0
151.869397,2,0,0
151.869397,3,0,0
152.901094,10,0,0
152.901094,8,0,0
152.901094,9,0,0
152.901094,5,0,0
152.901094,1,500,533000
152.901094,4,0,0
152.901094,6,177,188682
152.901094,7,0,0
152.901094,2,0,0
152.901094,3,0,0
153.958473,10,0,0
153.958473,8,0,0
153.958473,9,0,0
153.958473,5,0,0
153.958473,1,500,533000
153.958473,4,0,0
153.958473,6,178,189748
153.958473,7,0,0
153.958473,2,0,0
153.958473,3,0,0
154.988007,10,0,0
154.988007,8,0,0
154.988007,9,0,0
154.988007,5,0,0
154.988007,1,500,533000
154.988007,4,0,0
154.988007,6,179,190814
154.988007,7,0,0
154.988007,2,0,0
154.988007,3,0,0
156.013838,10,0,0
156.013838,8,0,0
156.013838,9,0,0
156.013838,5,0,0
156.013838,1,500,533000
156.013838,4,0,0
156.013838,6,180,191880
156.013838,7,0,0
156.013838,2,0,0
156.013838,3,0,0
157.042451,10,0,0
157.042451,8,0,0
157.042451,9,0,0
157.042451,5,0,0
157.042451,1,500,533000
157.042451,4,0,0
157.042451,6,182,194012
157.042451,7,0,0
157.042451,2,0,0
157.042451,3,0,0
158.073432,10,0,0
158.073432,8,0,0
158.073432,9,0,0
158.073432,5,0,0
158.073432,1,500,533000
158.073432,4,0,0
158.073432,6,183,195078
158.073432,7,0,0
158.073432,2,0,0
158.073432,3,0,0
159.092529,10,0,0
159.092529,8,0,0
159.092529,9,0,0
159.092529,5,0,0
159.092529,1,500,533000
159.092529,4,0,0
159.092529,6,184,196144
159.092529,7,0,0
159.092529,2,0,0
159.092529,3,0,0
160.10058,10,0,0
160.10058,8,0,0
160.10058,9,0,0
160.10058,5,0,0
160.10058,1,500,533000
160.10058,4,0,0
160.10058,6,185,197210
160.10058,7,0,0
160.10058,2,0,0
160.10058,3,0,0
161.110701,10,0,0
161.110701,8,0,0
161.110701,9,0,0
161.110701,5,0,0
161.110701,1,500,533000
161.110701,4,0,0
161.110701,6,186,198276
161.110701,7,0,0
161.110701,2,0,0
161.110701,3,0,0
162.133501,10,0,0
162.133501,8,0,0
162.133501,9,0,0
162.133501,5,0,0
162.133501,1,500,533000
162.133501,4,0,0
162.133501,6,188,200408
162.133501,7,0,0
162.133501,2,0,0
162.133501,3,0,0
163.157271,10,0,0
163.157271,8,0,0
163.157271,9,0,0
163.157271,5,0,0
163.157271,1,500,533000
163.157271,4,0,0
163.157271,6,189,201474
163.157271,7,0,0
163.157271,2,0,0
163.157271,3,0,0
164.189083,10,0,0
164.189083,8,0,0
164.189083,9,0,0
164.189083,5,0,0
164.189083,1,500,533000
164.189083,4,0,0
164.189083,6,190,202540
164.189083,7,0,0
164.189083,2,0,0
164.189083,3,0,0
165.219711,10,0,0
165.219711,8,0,0
165.219711,9,0,0
165.219711,5,0,0
165.219711,1,500,533000
165.219711,4,0,0
165.219711,6,191,203606
165.219711,7,0,0
165.219711,2,0,0
165.219711,3,0,0
166.250077,10,0,0
166.250077,8,0,0
166.250077,9,0,0
166.250077,5,0,0
166.250077,1,500,533000
166.250077,4,0,0
166.250077,6,192,204672
166.250077,7,0,0
166.250077,2,0,0
166.250077,3,0,0
167.280442,10,0,0
167.280442,8,0,0
167.280442,9,0,0
167.280442,5,0,0
167.280442,1,500,533000
167.280442,4,0,0
167.280442,6,193,205738
167.280442,7,0,0
167.280442,2,0,0
167.280442,3,0,0
168.308459,10,0,0
168.308459,8,0,0
168.308459,9,0,0
168.308459,5,0,0
168.308459,1,500,533000
168.308459,4,0,0
168.308459,6,195,207870
168.308459,7,0,0
168.308459,2,0,0
168.308459,3,0,0
169.339802,10,0,0
169.339802,8,0,0
169.339802,9,0,0
169.339802,5,0,0
169.339802,1,500,533000
169.339802,4,0,0
169.339802,6,196,208936
169.339802,7,0,0
169.339802,2,0,0
169.339802,3,0,0
170.366515,10,0,0
170.366515,8,0,0
170.366515,9,0,0
170.366515,5,0,0
170.366515,1,500,533000
170.366515,4,0,0
170.366515,6,197,210002
170.366515,7,0,0
170.366515,2,0,0
170.366515,3,0,0
171.374812,10,0,0
171.374812,8,0,0
171.374812,9,0,0
171.374812,5,0,0
171.374812,1,500,533000
171.374812,4,0,0
171.374812,6,198,211068
171.374812,7,0,0
171.374812,2,0,0
171.374812,3,0,0
172.40344,10,0,0
172.40344,8,0,0
172.40344,9,0,0
172.40344,5,0,0
172.40344,1,500,533000
172.40344,4,0,0
172.40344,6,199,212134
172.40344,7,0,0
172.40344,2,0,0
172.40344,3,0,0
173.429642,10,0,0
173.429642,8,0,0
173.429642,9,0,0
173.429642,5,0,0
173.429642,1,500,533000
173.429642,4,0,0
173.429642,6,200,213200
173.429642,7,0,0
173.429642,2,0,0
173.429642,3,0,0
174.452926,10,0,0
174.452926,8,0,0
174.452926,9,0,0
174.452926,5,0,0
174.452926,1,500,533000
174.452926,4,0,0
174.452926,6,202,215332
174.452926,7,0,0
174.452926,2,0,0
174.452926,3,0,0
175.483586,10,0,0
175.483586,8,0,0
175.483586,9,0,0
175.483586,5,0,0
175.483586,1,500,533000
175.483586,4,0,0
175.483586,6,203,216398
175.483586,7,0,0
175.483586,2,0,0
175.483586,3,0,0
176.509526,10,0,0
176.509526,8,0,0
176.509526,9,0,0
176.509526,5,0,0
176.509526,1,500,533000
176.509526,4,0,0
176.509526,6,204,217464
176.509526,7,0,0
176.509526,2,0,0
176.509526,3,0,0
177.540274,10,0,0
177.540274,8,0,0
177.540274,9,0,0
177.540274,5,0,0
177.540274,1,500,533000
177.540274,4,0,0
177.540274,6,205,218530
177.540274,7,0,0
177.540274,2,0,0
177.540274,3,0,0
178.570184,10,0,0
178.570184,8,0,0
178.570184,9,0,0
178.570184,5,0,0
178.570184,1,500,533000
178.570184,4,0,0
178.570184,6,206,219596
178.570184,7,0,0
178.570184,2,0,0
178.570184,3,0,0
179.598565,10,0,0
179.598565,8,0,0
179.598565,9,0,0
179.598565,5,0,0
179.598565,1,500,533000
179.598565,4,0,0
179.598565,6,208,221728
179.598565,7,0,0
179.598565,2,0,0
179.598565,3,0,0
180.619486,10,0,0
180.619486,8,0,0
180.619486,9,0,0
180.619486,5,0,0
180.619486,1,500,533000
180.619486,4,0,0
180.619486,6,209,222794
180.619486,7,0,0
180.619486,2,0,0
180.619486,3,0,0
181.651508,10,0,0
181.651508,8,0,0
181.651508,9,0,0
181.651508,5,0,0
181.651508,1,500,533000
181.651508,4,0,0
181.651508,6,210,223860
181.651508,7,0,0
181.651508,2,0,0
181.651508,3,0,0
182.681141,10,0,0
182.681141,8,0,0
182.681141,9,0,0
182.681141,5,0,0
182.681141,1,500,533000
182.681141,4,0,0
182.681141,6,211,224926
182.681141,7,0,0
182.681141,2,0,0
182.681141,3,0,0
183.710279,10,0,0
183.710279,8,0,0
183.710279,9,0,0
183.710279,5,0,0
183.710279,1,500,533000
183.710279,4,0,0
183.710279,6,212,225992
183.710279,7,0,0
183.710279,2,0,0
183.710279,3,0,0
184.739342,10,0,0
184.739342,8,0,0
184.739342,9,0,0
184.739342,5,0,0
184.739342,1,500,533000
184.739342,4,0,0
184.739342,6,213,227058
184.739342,7,0,0
184.739342,2,0,0
184.739342,3,0,0
185.766899,10,0,0
185.766899,8,0,0
185.766899,9,0,0
185.766899,5,0,0
185.766899,1,500,533000
185.766899,4,0,0
185.766899,6,215,229190
185.766899,7,0,0
185.766899,2,0,0
185.766899,3,0,0
186.795903,10,0,0
186.795903,8,0,0
186.795903,9,0,0
186.795903,5,0,0
186.795903,1,500,533000
186.795903,4,0,0
186.795903,6,216,230256
186.795903,7,0,0
186.795903,2,0,0
186.795903,3,0,0
187.827629,10,0,0
187.827629,8,0,0
187.827629,9,0,0
187.827629,5,0,0
187.827629,1,500,533000
187.827629,4,0,0
187.827629,6,217,231322
187.827629,7,0,0
187.827629,2,0,0
187.827629,3,0,0
188.854548,10,0,0
188.854548,8,0,0
188.854548,9,0,0
188.854548,5,0,0
188.854548,1,500,533000
188.854548,4,0,0
188.854548,6,218,232388
188.854548,7,0,0
188.854548,2,0,0
188.854548,3,0,0
189.883672,10,0,0
189.883672,8,0,0
189.883672,9,0,0
189.883672,5,0,0
189.883672,1,500,533000
189.883672,4,0,0
189.883672,6,219,233454
189.883672,7,0,0
189.883672,2,0,0
189.883672,3,0,0
190.914168,10,0,0
190.914168,8,0,0
190.914168,9,0,0
190.914168,5,0,0
190.914168,1,500,533000
190.914168,4,0,0
190.914168,6,221,235586
190.914168,7,0,0
190.914168,2,0,0
190.914168,3,0,0
191.943591,10,0,0
191.943591,8,0,0
191.943591,9,0,0
191.943591,5,0,0
191.943591,1,500,533000
191.943591,4,0,0
191.943591,6,222,236652
191.943591,7,0,0
191.943591,2,0,0
191.943591,3,0,0
192.969694,10,0,0
192.969694,8,0,0
192.969694,9,0,0
192.969694,5,0,0
192.969694,1,500,533000
192.969694,4,0,0
192.969694,6,223,237718
192.969694,7,0,0
192.969694,2,0,0
192.969694,3,0,0
193.999859,10,0,0
193.999859,8,0,0
193.999859,9,0,0
193.999859,5,0,0
193.999859,1,500,533000
193.999859,4,0,0
193.999859,6,224,238784
193.999859,7,0,0
193.999859,2,0,0
193.999859,3,0,0
195.042535,10,0,0
195.042535,8,0,0
195.042535,9,0,0
195.042535,5,0,0
195.042535,1,500,533000
195.042535,4,0,0
195.042535,6,225,239850
195.042535,7,0,0
195.042535,2,0,0
195.042535,3,0,0
196.081102,10,0,0
196.081102,8,0,0
196.081102,9,0,0
196.081102,5,0,0
196.081102,1,500,533000
196.081102,4,0,0
196.081102,6,227,241982
196.081102,7,0,0
196.081102,2,0,0
196.081102,3,0,0
197.102125,10,0,0
197.102125,8,0,0
197.102125,9,0,0
197.102125,5,0,0
197.102125,1,500,533000
197.102125,4,0,0
197.102125,6,228,243048
197.102125,7,0,0
197.102125,2,0,0
197.102125,3,0,0
198.11092,10,0,0
198.11092,8,0,0
198.11092,9,0,0
198.11092,5,0,0
198.11092,1,500,533000
198.11092,4,0,0
198.11092,6,229,244114
198.11092,7,0,0
198.11092,2,0,0
198.11092,3,0,0
199.125242,10,0,0
199.125242,8,0,0
199.125242,9,0,0
199.125242,5,0,0
199.125242,1,500,533000
199.125242,4,0,0
199.125242,6,230,245180
199.125242,7,0,0
199.125242,2,0,0
199.125242,3,0,0
200.15306,10,0,0
200.15306,8,0,0
200.15306,9,0,0
200.15306,5,0,0
200.15306,1,500,533000
200.15306,4,0,0
200.15306,6,231,246246
200.15306,7,0,0
200.15306,2,0,0
200.15306,3,0,0
201.159313,10,0,0
201.159313,8,0,0
201.159313,9,0,0
201.159313,5,0,0
201.159313,1,500,533000
201.159313,4,0,0
201.159313,6,232,247312
201.159313,7,0,0
201.159313,2,0,0
201.159313,3,0,0
202.184025,10,0,0
202.184025,8,0,0
202.184025,9,0,0
202.184025,5,0,0
202.184025,1,500,533000
202.184025,4,0,0
202.184025,6,234,249444
202.184025,7,0,0
202.184025,2,0,0
202.184025,3,0,0
203.217824,10,0,0
203.217824,8,0,0
203.217824,9,0,0
203.217824,5,0,0
203.217824,1,500,533000
203.217824,4,0,0
203.217824,6,235,250510
203.217824,7,0,0
203.217824,2,0,0
203.217824,3,0,0
204.249249,10,0,0
204.249249,8,0,0
204.249249,9,0,0
204.249249,5,0,0
204.249249,1,500,533000
204.249249,4,0,0
204.249249,6,236,251576
204.249249,7,0,0
204.249249,2,0,0
204.249249,3,0,0
205.280022,10,0,0
205.280022,8,0,0
205.280022,9,0,0
205.280022,5,0,0
205.280022,1,500,533000
205.280022,4,0,0
205.280022,6,237,252642
205.280022,7,0,0
205.280022,2,0,0
205.280022,3,0,0
206.29568,10,0,0
206.29568,8,0,0
206.29568,9,0,0
206.29568,5,0,0
206.29568,1,500,533000
206.29568,4,0,0
206.29568,6,238,253708
206.29568,7,0,0
206.29568,2,0,0
206.29568,3,0,0
207.325147,10,0,0
207.325147,8,0,0
207.325147,9,0,0
207.325147,5,0,0
207.325147,1,500,533000
207.325147,4,0,0
207.325147,6,239,254774
207.325147,7,0,0
207.325147,2,0,0
207.325147,3,0,0
208.351467,10,0,0
208.351467,8,0,0
208.351467,9,0,0
208.351467,5,0,0
208.351467,1,500,533000
208.351467,4,0,0
208.351467,6,241,256906
208.351467,7,0,0
208.351467,2,0,0
208.351467,3,0,0
209.392567,10,0,0
209.392567,8,0,0
209.392567,9,0,0
209.392567,5,0,0
209.392567,1,500,533000
209.392567,4,0,0
209.392567,6,242,257972
209.392567,7,0,0
209.392567,2,0,0
209.392567,3,0,0
210.420808,10,0,0
210.420808,8,0,0
210.420808,9,0,0
210.420808,5,0,0
210.420808,1,500,533000
210.420808,4,0,0
210.420808,6,243,259038
210.420808,7,0,0
210.420808,2,0,0
210.420808,3,0,0
211.434551,10,0,0
211.434551,8,0,0
211.434551,9,0,0
211.434551,5,0,0
211.434551,1,500,533000
211.434551,4,0,0
211.434551,6,244,260104
211.434551,7,0,0
211.434551,2,0,0
211.434551,3,0,0
212.44396,10,0,0
212.44396,8,0,0
212.44396,9,0,0
212.44396,5,0,0
212.44396,1,500,533000
212.44396,4,0,0
212.44396,6,245,261170
212.44396,7,0,0
212.44396,2,0,0
212.44396,3,0,0
213.478922,10,0,0
213.478922,8,0,0
213.478922,9,0,0
213.478922,5,0,0
213.478922,1,500,533000
213.478922,4,0,0
213.478922,6,247,263302
213.478922,7,0,0
213.478922,2,0,0
213.478922,3,0,0
214.489082,10,0,0
214.489082,8,0,0
214.489082,9,0,0
214.489082,5,0,0
214.489082,1,500,533000
214.489082,4,0,0
214.489082,6,248,264368
214.489082,7,0,0
214.489082,2,0,0
214.489082,3,0,0
215.521303,10,0,0
215.521303,8,0,0
215.521303,9,0,0
215.521303,5,0,0
215.521303,1,500,533000
215.521303,4,0,0
215.521303,6,249,265434
215.521303,7,0,0
215.521303,2,0,0
215.521303,3,0,0
216.529023,10,0,0
216.529023,8,0,0
216.529023,9,0,0
216.529023,5,0,0
216.529023,1,500,533000
216.529023,4,0,0
216.529023,6,250,266500
216.529023,7,0,0
216.529023,2,0,0
216.529023,3,0,0
217.562557,10,0,0
217.562557,8,0,0
217.562557,9,0,0
217.562557,5,0,0
217.562557,1,500,533000
217.562557,4,0,0
217.562557,6,251,267566
217.562557,7,0,0
217.562557,2,0,0
217.562557,3,0,0
218.569952,10,0,0
218.569952,8,0,0
218.569952,9,0,0
218.569952,5,0,0
218.569952,1,500,533000
218.569952,4,0,0
218.569952,6,252,268632
218.569952,7,0,0
218.569952,2,0,0
218.569952,3,0,0
219.598534,10,0,0
219.598534,8,0,0
219.598534,9,0,0
219.598534,5,0,0
219.598534,1,500,533000
219.598534,4,0,0
219.598534,6,254,270764
219.598534,7,0,0
219.598534,2,0,0
219.598534,3,0,0
220.619965,10,0,0
220.619965,8,0,0
220.619965,9,0,0
220.619965,5,0,0
220.619965,1,500,533000
220.619965,4,0,0
220.619965,6,255,271830
220.619965,7,0,0
220.619965,2,0,0
220.619965,3,0,0
221.644363,10,0,0
221.644363,8,0,0
221.644363,9,0,0
221.644363,5,0,0
221.644363,1,500,533000
221.644363,4,0,0
221.644363,6,256,272896
221.644363,7,0,0
221.644363,2,0,0
221.644363,3,0,0
222.676033,10,0,0
222.676033,8,0,0
222.676033,9,0,0
222.676033,5,0,0
222.676033,1,500,533000
222.676033,4,0,0
222.676033,6,257,273962
222.676033,7,0,0
222.676033,2,0,0
222.676033,3,0,0
223.702091,10,0,0
223.702091,8,0,0
223.702091,9,0,0
223.702091,5,0,0
223.702091,1,500,533000
223.702091,4,0,0
223.702091,6,258,275028
223.702091,7,0,0
223.702091,2,0,0
223.702091,3,0,0
224.721052,10,0,0
224.721052,8,0,0
224.721052,9,0,0
224.721052,5,0,0
224.721052,1,500,533000
224.721052,4,0,0
224.721052,6,259,276094
224.721052,7,0,0
224.721052,2,0,0
224.721052,3,0,0
225.74686,10,0,0
225.74686,8,0,0
225.74686,9,0,0
225.74686,5,0,0
225.74686,1,500,533000
225.74686,4,0,0
225.74686,6,261,278226
225.74686,7,0,0
225.74686,2,0,0
225.74686,3,0,0
226.775081,10,0,0
226.775081,8,0,0
226.775081,9,0,0
226.775081,5,0,0
226.775081,1,500,533000
226.775081,4,0,0
226.775081,6,262,279292
226.775081,7,0,0
226.775081,2,0,0
226.775081,3,0,0
227.811163,10,0,0
227.811163,8,0,0
227.811163,9,0,0
227.811163,5,0,0
227.811163,1,500,533000
227.811163,4,0,0
227.811163,6,263,280358
227.811163,7,0,0
227.811163,2,0,0
227.811163,3,0,0
228.839029,10,0,0
228.839029,8,0,0
228.839029,9,0,0
228.839029,5,0,0
228.839029,1,500,533000
228.839029,4,0,0
228.839029,6,264,281424
228.839029,7,0,0
228.839029,2,0,0
228.839029,3,0,0
229.867652,10,0,0
229.867652,8,0,0
229.867652,9,0,0
229.867652,5,0,0
229.867652,1,500,533000
229.867652,4,0,0
229.867652,6,265,282490
229.867652,7,0,0
229.867652,2,0,0
229.867652,3,0,0
230.904221,10,0,0
230.904221,8,0,0
230.904221,9,0,0
230.904221,5,0,0
230.904221,1,500,533000
230.904221,4,0,0
230.904221,6,267,284622
230.904221,7,0,0
230.904221,2,0,0
230.904221,3,0,0
231.931777,10,0,0
231.931777,8,0,0
231.931777,9,0,0
231.931777,5,0,0
231.931777,1,500,533000
231.931777,4,0,0
231.931777,6,268,285688
231.931777,7,0,0
231.931777,2,0,0
231.931777,3,0,0
232.961651,10,0,0
232.961651,8,0,0
232.961651,9,0,0
232.961651,5,0,0
232.961651,1,500,533000
232.961651,4,0,0
232.961651,6,269,286754
232.961651,7,0,0
232.961651,2,0,0
232.961651,3,0,0
233.990008,10,0,0
233.990008,8,0,0
233.990008,9,0,0
233.990008,5,0,0
233.990008,1,500,533000
233.990008,4,0,0
233.990008,6,270,287820
233.990008,7,0,0
233.990008,2,0,0
233.990008,3,0,0
235.019277,10,0,0
235.019277,8,0,0
235.019277,9,0,0
235.019277,5,0,0
235.019277,1,500,533000
235.019277,4,0,0
235.019277,6,271,288886
235.019277,7,0,0
235.019277,2,0,0
235.019277,3,0,0
236.050825,10,0,0
236.050825,8,0,0
236.050825,9,0,0
236.050825,5,0,0
236.050825,1,500,533000
236.050825,4,0,0
236.050825,6,272,289952
236.050825,7,0,0
236.050825,2,0,0
236.050825,3,0,0
237.08733,10,0,0
237.08733,8,0,0
237.08733,9,0,0
237.08733,5,0,0
237.08733,1,500,533000
237.08733,4,0,0
237.08733,6,274,292084
237.08733,7,0,0
237.08733,2,0,0
237.08733,3,0,0
238.09519,10,0,0
238.09519,8,0,0
238.09519,9,0,0
238.09519,5,0,0
238.09519,1,500,533000
238.09519,4,0,0
238.09519,6,275,293150
238.09519,7,0,0
238.09519,2,0,0
238.09519,3,0,0
239.106899,10,0,0
239.106899,8,0,0
239.106899,9,0,0
239.106899,5,0,0
239.106899,1,500,533000
239.106899,4,0,0
239.106899,6,276,294216
239.106899,7,0,0
239.106899,2,0,0
239.106899,3,0,0
240.117419,10,0,0
240.117419,8,0,0
240.117419,9,0,0
240.117419,5,0,0
240.117419,1,500,533000
240.117419,4,0,0
240.117419,6,277,295282
240.117419,7,0,0
240.117419,2,0,0
240.117419,3,0,0
241.144093,10,0,0
241.144093,8,0,0
241.144093,9,0,0
241.144093,5,0,0
241.144093,1,500,533000
241.144093,4,0,0
241.144093,6,278,296348
241.144093,7,0,0
241.144093,2,0,0
241.144093,3,0,0
242.176455,10,0,0
242.176455,8,0,0
242.176455,9,0,0
242.176455,5,0,0
242.176455,1,500,533000
242.176455,4,0,0
242.176455,6,279,297414
242.176455,7,0,0
242.176455,2,0,0
242.176455,3,0,0
243.202419,10,0,0
243.202419,8,0,0
243.202419,9,0,0
243.202419,5,0,0
243.202419,1,500,533000
243.202419,4,0,0
243.202419,6,281,299546
243.202419,7,0,0
243.202419,2,0,0
243.202419,3,0,0
244.232978,10,0,0
244.232978,8,0,0
244.232978,9,0,0
244.232978,5,0,0
244.232978,1,500,533000
244.232978,4,0,0
244.232978,6,282,300612
244.232978,7,0,0
244.232978,2,0,0
244.232978,3,0,0
245.263313,10,0,0
245.263313,8,0,0
245.263313,9,0,0
245.263313,5,0,0
245.263313,1,500,533000
245.263313,4,0,0
245.263313,6,283,301678
245.263313,7,0,0
245.263313,2,0,0
245.263313,3,0,0
246.295927,10,0,0
246.295927,8,0,0
246.295927,9,0,0
246.295927,5,0,0
246.295927,1,500,533000
246.295927,4,0,0
246.295927,6,284,302744
246.295927,7,0,0
246.295927,2,0,0
246.295927,3,0,0
247.324433,10,0,0
247.324433,8,0,0
247.324433,9,0,0
247.324433,5,0,0
247.324433,1,500,533000
247.324433,4,0,0
247.324433,6,285,303810
247.324433,7,0,0
247.324433,2,0,0
247.324433,3,0,0
248.355104,10,0,0
248.355104,8,0,0
248.355104,9,0,0
248.355104,5,0,0
248.355104,1,500,533000
248.355104,4,0,0
248.355104,6,287,305942
248.355104,7,0,0
248.355104,2,0,0
248.355104,3,0,0
249.386626,10,0,0
249.386626,8,0,0
249.386626,9,0,0
249.386626,5,0,0
249.386626,1,500,533000
249.386626,4,0,0
249.386626,6,288,307008
249.386626,7,0,0
249.386626,2,0,0
249.386626,3,0,0
250.417635,10,0,0
250.417635,8,0,0
250.417635,9,0,0
250.417635,5,0,0
250.417635,1,500,533000
250.417635,4,0,0
250.417635,6,289,308074
250.417635,7,0,0
250.417635,2,0,0
250.417635,3,0,0
251.448465,10,0,0
251.448465,8,0,0
251.448465,9,0,0
251.448465,5,0,0
251.448465,1,500,533000
251.448465,4,0,0
251.448465,6,290,309140
251.448465,7,0,0
251.448465,2,0,0
251.448465,3,0,0
252.483079,10,0,0
252.483079,8,0,0
252.483079,9,0,0
252.483079,5,0,0
252.483079,1,500,533000
252.483079,4,0,0
252.483079,6,291,310206
252.483079,7,0,0
252.483079,2,0,0
252.483079,3,0,0
253.501868,10,0,0
253.501868,8,0,0
253.501868,9,0,0
253.501868,5,0,0
253.501868,1,500,533000
253.501868,4,0,0
253.501868,6,293,312338
253.501868,7,0,0
253.501868,2,0,0
253.501868,3,0,0
254.536742,10,0,0
254.536742,8,0,0
254.536742,9,0,0
254.536742,5,0,0
254.536742,1,500,533000
254.536742,4,0,0
254.536742,6,294,313404
254.536742,7,0,0
254.536742,2,0,0
254.536742,3,0,0
255.570215,10,0,0
255.570215,8,0,0
255.570215,9,0,0
255.570215,5,0,0
255.570215,1,500,533000
255.570215,4,0,0
255.570215,6,295,314470
255.570215,7,0,0
255.570215,2,0,0
255.570215,3,0,0
256.599488,10,0,0
256.599488,8,0,0
256.599488,9,0,0
256.599488,5,0,0
256.599488,1,500,533000
256.599488,4,0,0
256.599488,6,296,315536
256.599488,7,0,0
256.599488,2,0,0
256.599488,3,0,0
257.633883,10,0,0
257.633883,8,0,0
257.633883,9,0,0
257.633883,5,0,0
257.633883,1,500,533000
257.633883,4,0,0
257.633883,6,297,316602
257.633883,7,0,0
257.633883,2,0,0
257.633883,3,0,0
258.661708,10,0,0
258.661708,8,0,0
258.661708,9,0,0
258.661708,5,0,0
258.661708,1,500,533000
258.661708,4,0,0
258.661708,6,298,317668
258.661708,7,0,0
258.661708,2,0,0
258.661708,3,0,0
259.69083,10,0,0
259.69083,8,0,0
259.69083,9,0,0
259.69083,5,0,0
259.69083,1,500,533000
259.69083,4,0,0
259.69083,6,300,319800
259.69083,7,0,0
259.69083,2,0,0
259.69083,3,0,0
260.73033,10,0,0
260.73033,8,0,0
260.73033,9,0,0
260.73033,5,0,0
260.73033,1,500,533000
260.73033,4,0,0
260.73033,6,301,320866
260.73033,7,0,0
260.73033,2,0,0
260.73033,3,0,0
261.759663,10,0,0
261.759663,8,0,0
261.759663,9,0,0
261.759663,5,0,0
261.759663,1,500,533000
261.759663,4,0,0
261.759663,6,302,321932
261.759663,7,0,0
261.759663,2,0,0
261.759663,3,0,0
262.787886,10,0,0
262.787886,8,0,0
262.787886,9,0,0
262.787886,5,0,0
262.787886,1,500,533000
262.787886,4,0,0
262.787886,6,303,322998
262.787886,7,0,0
262.787886,2,0,0
262.787886,3,0,0
263.818144,10,0,0
263.818144,8,0,0
263.818144,9,0,0
263.818144,5,0,0
263.818144,1,500,533000
263.818144,4,0,0
263.818144,6,304,324064
263.818144,7,0,0
263.818144,2,0,0
263.818144,3,0,0
264.844883,10,0,0
264.844883,8,0,0
264.844883,9,0,0
264.844883,5,0,0
264.844883,1,500,533000
264.844883,4,0,0
264.844883,6,306,326196
264.844883,7,0,0
264.844883,2,0,0
264.844883,3,0,0
265.878794,10,0,0
265.878794,8,0,0
265.878794,9,0,0
265.878794,5,0,0
265.878794,1,500,533000
265.878794,4,0,0
265.878794,6,307,327262
265.878794,7,0,0
265.878794,2,0,0
265.878794,3,0,0
266.906389,10,0,0
266.906389,8,0,0
266.906389,9,0,0
266.906389,5,0,0
266.906389,1,500,533000
266.906389,4,0,0
266.906389,6,308,328328
266.906389,7,0,0
266.906389,2,0,0
266.906389,3,0,0
267.933562,10,0,0
267.933562,8,0,0
267.933562,9,0,0
267.933562,5,0,0
267.933562,1,500,533000
267.933562,4,0,0
267.933562,6,309,329394
267.933562,7,0,0
267.933562,2,0,0
267.933562,3,0,0
268.954662,10,0,0
268.954662,8,0,0
268.954662,9,0,0
268.954662,5,0,0
268.954662,1,500,533000
268.954662,4,0,0
268.954662,6,310,330460
268.954662,7,0,0
268.954662,2,0,0
268.954662,3,0,0
269.986554,10,0,0
269.986554,8,0,0
269.986554,9,0,0
269.986554,5,0,0
269.986554,1,500,533000
269.986554,4,0,0
269.986554,6,311,331526
269.986554,7,0,0
269.986554,2,0,0
269.986554,3,0,0
270.997998,10,0,0
270.997998,8,0,0
270.997998,9,0,0
270.997998,5,0,0
270.997998,1,500,533000
270.997998,4,0,0
270.997998,6,313,333658
270.997998,7,0,0
270.997998,2,0,0
270.997998,3,0,0
272.028498,10,0,0
272.028498,8,0,0
272.028498,9,0,0
272.028498,5,0,0
272.028498,1,500,533000
272.028498,4,0,0
272.028498,6,314,334724
272.028498,7,0,0
272.028498,2,0,0
272.028498,3,0,0
273.053523,10,0,0
273.053523,8,0,0
273.053523,9,0,0
273.053523,5,0,0
273.053523,1,500,533000
273.053523,4,0,0
273.053523,6,315,335790
273.053523,7,0,0
273.053523,2,0,0
273.053523,3,0,0
274.087018,10,0,0
274.087018,8,0,0
274.087018,9,0,0
274.087018,5,0,0
274.087018,1,500,533000
274.087018,4,0,0
274.087018,6,316,336856
274.087018,7,0,0
274.087018,2,0,0
274.087018,3,0,0
275.09472,10,0,0
275.09472,8,0,0
275.09472,9,0,0
275.09472,5,0,0
275.09472,1,500,533000
275.09472,4,0,0
275.09472,6,317,337922
275.09472,7,0,0
275.09472,2,0,0
275.09472,3,0,0
276.101613,10,0,0
276.101613,8,0,0
276.101613,9,0,0
276.101613,5,0,0
276.101613,1,500,533000
276.101613,4,0,0
276.101613,6,318,338988
276.101613,7,0,0
276.101613,2,0,0
276.101613,3,0,0
277.11068,10,0,0
277.11068,8,0,0
277.11068,9,0,0
277.11068,5,0,0
277.11068,1,500,533000
277.11068,4,0,0
277.11068,6,320,341120
277.11068,7,0,0
277.11068,2,0,0
277.11068,3,0,0
278.118546,10,0,0
278.118546,8,0,0
278.118546,9,0,0
278.118546,5,0,0
278.118546,1,500,533000
278.118546,4,0,0
278.118546,6,321,342186
278.118546,7,0,0
278.118546,2,0,0
278.118546,3,0,0
279.12619,10,0,0
279.12619,8,0,0
279.12619,9,0,0
279.12619,5,0,0
279.12619,1,500,533000
279.12619,4,0,0
279.12619,6,322,343252
279.12619,7,0,0
279.12619,2,0,0
279.12619,3,0,0
280.15077,10,0,0
280.15077,8,0,0
280.15077,9,0,0
280.15077,5,0,0
280.15077,1,500,533000
280.15077,4,0,0
280.15077,6,323,344318
280.15077,7,0,0
280.15077,2,0,0
280.15077,3,0,0
281.170437,10,0,0
281.170437,8,0,0
281.170437,9,0,0
281.170437,5,0,0
281.170437,1,500,533000
281.170437,4,0,0
281.170437,6,324,345384
281.170437,7,0,0
281.170437,2,0,0
281.170437,3,0,0
282.197638,10,0,0
282.197638,8,0,0
282.197638,9,0,0
282.197638,5,0,0
282.197638,1,500,533000
282.197638,4,0,0
282.197638,6,325,346450
282.197638,7,0,0
282.197638,2,0,0
282.197638,3,0,0
283.230396,10,0,0
283.230396,8,0,0
283.230396,9,0,0
283.230396,5,0,0
283.230396,1,500,533000
283.230396,4,0,0
283.230396,6,327,348582
283.230396,7,0,0
283.230396,2,0,0
283.230396,3,0,0
284.251051,10,0,0
284.251051,8,0,0
284.251051,9,0,0
284.251051,5,0,0
284.251051,1,500,533000
284.251051,4,0,0
284.251051,6,328,349648
284.251051,7,0,0
284.251051,2,0,0
284.251051,3,0,0
285.277989,10,0,0
285.277989,8,0,0
285.277989,9,0,0
285.277989,5,0,0
285.277989,1,500,533000
285.277989,4,0,0
285.277989,6,329,350714
285.277989,7,0,0
285.277989,2,0,0
285.277989,3,0,0
286.310205,10,0,0
286.310205,8,0,0
286.310205,9,0,0
286.310205,5,0,0
286.310205,1,500,533000
286.310205,4,0,0
286.310205,6,330,351780
286.310205,7,0,0
286.310205,2,0,0
286.310205,3,0,0
287.338529,10,0,0
287.338529,8,0,0
287.338529,9,0,0
287.338529,5,0,0
287.338529,1,500,533000
287.338529,4,0,0
287.338529,6,331,352846
287.338529,7,0,0
287.338529,2,0,0
287.338529,3,0,0
288.366912,10,0,0
288.366912,8,0,0
288.366912,9,0,0
288.366912,5,0,0
288.366912,1,500,533000
288.366912,4,0,0
288.366912,6,333,354978
288.366912,7,0,0
288.366912,2,0,0
288.366912,3,0,0
289.385303,10,0,0
289.385303,8,0,0
289.385303,9,0,0
289.385303,5,0,0
289.385303,1,500,533000
289.385303,4,0,0
289.385303,6,334,356044
289.385303,7,0,0
289.385303,2,0,0
289.385303,3,0,0
290.417917,10,0,0
290.417917,8,0,0
290.417917,9,0,0
290.417917,5,0,0
290.417917,1,500,533000
290.417917,4,0,0
290.417917,6,335,357110
290.417917,7,0,0
290.417917,2,0,0
290.417917,3,0,0
291.447484,10,0,0
291.447484,8,0,0
291.447484,9,0,0
291.447484,5,0,0
291.447484,1,500,533000
291.447484,4,0,0
291.447484,6,336,358176
291.447484,7,0,0
291.447484,2,0,0
291.447484,3,0,0
292.479084,10,0,0
292.479084,8,0,0
292.479084,9,0,0
292.479084,5,0,0
292.479084,1,500,533000
292.479084,4,0,0
292.479084,6,337,359242
292.479084,7,0,0
292.479084,2,0,0
292.479084,3,0,0
293.507729,10,0,0
293.507729,8,0,0
293.507729,9,0,0
293.507729,5,0,0
293.507729,1,500,533000
293.507729,4,0,0
293.507729,6,338,360308
293.507729,7,0,0
293.507729,2,0,0
293.507729,3,0,0
294.537239,10,0,0
294.537239,8,0,0
294.537239,9,0,0
294.537239,5,0,0
294.537239,1,500,533000
294.537239,4,0,0
294.537239,6,340,362440
294.537239,7,0,0
294.537239,2,0,0
294.537239,3,0,0
295.567771,10,0,0
295.567771,8,0,0
295.567771,9,0,0
295.567771,5,0,0
295.567771,1,500,533000
295.567771,4,0,0
295.567771,6,341,363506
295.567771,7,0,0
295.567771,2,0,0
295.567771,3,0,0
296.596547,10,0,0
296.596547,8,0,0
296.596547,9,0,0
296.596547,5,0,0
296.596547,1,500,533000
296.596547,4,0,0
296.596547,6,342,364572
296.596547,7,0,0
296.596547,2,0,0
296.596547,3,0,0
297.622882,10,0,0
297.622882,8,0,0
297.622882,9,0,0
297.622882,5,0,0
297.622882,1,500,533000
297.622882,4,0,0
297.622882,6,343,365638
297.622882,7,0,0
297.622882,2,0,0
297.622882,3,0,0
298.650363,10,0,0
298.650363,8,0,0
298.650363,9,0,0
298.650363,5,0,0
298.650363,1,500,533000
298.650363,4,0,0
298.650363,6,344,366704
298.650363,7,0,0
298.650363,2,0,0
298.650363,3,0,0
299.675056,10,0,0
299.675056,8,0,0
299.675056,9,0,0
299.675056,5,0,0
299.675056,1,500,533000
299.675056,4,0,0
299.675056,6,346,368836
299.675056,7,0,0
299.675056,2,0,0
299.675056,3,0,0
300.704376,10,0,0
300.704376,8,0,0
300.704376,9,0,0
300.704376,5,0,0
300.704376,1,500,533000
300.704376,4,0,0
300.704376,6,347,369902
300.704376,7,0,0
300.704376,2,0,0
300.704376,3,0,0
301.725241,10,0,0
301.725241,8,0,0
301.725241,9,0,0
301.725241,5,0,0
301.725241,1,500,533000
301.725241,4,0,0
301.725241,6,348,370968
301.725241,7,0,0
301.725241,2,0,0
301.725241,3,0,0
302.755196,10,0,0
302.755196,8,0,0
302.755196,9,0,0
302.755196,5,0,0
302.755196,1,500,533000
302.755196,4,0,0
302.755196,6,349,372034
302.755196,7,0,0
302.755196,2,0,0
302.755196,3,0,0
303.782905,10,0,0
303.782905,8,0,0
303.782905,9,0,0
303.782905,5,0,0
303.782905,1,500,533000
303.782905,4,0,0
303.782905,6,350,373100
303.782905,7,0,0
303.782905,2,0,0
303.782905,3,0,0
304.817915,10,0,0
304.817915,8,0,0
304.817915,9,0,0
304.817915,5,0,0
304.817915,1,500,533000
304.817915,4,0,0
304.817915,6,351,374166
304.817915,7,0,0
304.817915,2,0,0
304.817915,3,0,0
305.849071,10,0,0
305.849071,8,0,0
305.849071,9,0,0
305.849071,5,0,0
305.849071,1,500,533000
305.849071,4,0,0
305.849071,6,353,376298
305.849071,7,0,0
305.849071,2,0,0
305.849071,3,0,0
306.874693,10,0,0
306.874693,8,0,0
306.874693,9,0,0
306.874693,5,0,0
306.874693,1,500,533000
306.874693,4,0,0
306.874693,6,354,377364
306.874693,7,0,0
306.874693,2,0,0
306.874693,3,0,0
307.901407,10,0,0
307.901407,8,0,0
307.901407,9,0,0
307.901407,5,0,0
307.901407,1,500,533000
307.901407,4,0,0
307.901407,6,355,378430
307.901407,7,0,0
307.901407,2,0,0
307.901407,3,0,0
308.931228,10,0,0
308.931228,8,0,0
308.931228,9,0,0
308.931228,5,0,0
308.931228,1,500,533000
308.931228,4,0,0
308.931228,6,356,379496
308.931228,7,0,0
308.931228,2,0,0
308.931228,3,0,0
309.960749,10,0,0
309.960749,8,0,0
309.960749,9,0,0
309.960749,5,0,0
309.960749,1,500,533000
309.960749,4,0,0
309.960749,6,357,380562
309.960749,7,0,0
309.960749,2,0,0
309.960749,3,0,0
310.987427,10,0,0
310.987427,8,0,0
310.987427,9,0,0
310.987427,5,0,0
310.987427,1,500,533000
310.987427,4,0,0
310.987427,6,359,382694
310.987427,7,0,0
310.987427,2,0,0
310.987427,3,0,0
312.018829,10,0,0
312.018829,8,0,0
312.018829,9,0,0
312.018829,5,0,0
312.018829,1,500,533000
312.018829,4,0,0
312.018829,6,360,383760
312.018829,7,0,0
312.018829,2,0,0
312.018829,3,0,0
313.025868,10,0,0
313.025868,8,0,0
313.025868,9,0,0
313.025868,5,0,0
313.025868,1,500,533000
313.025868,4,0,0
313.025868,6,361,384826
313.025868,7,0,0
313.025868,2,0,0
313.025868,3,0,0
314.03498,10,0,0
314.03498,8,0,0
314.03498,9,0,0
314.03498,5,0,0
314.03498,1,500,533000
314.03498,4,0,0
314.03498,6,362,385892
314.03498,7,0,0
314.03498,2,0,0
314.03498,3,0,0
315.078485,10,0,0
315.078485,8,0,0
315.078485,9,0,0
315.078485,5,0,0
315.078485,1,500,533000
315.078485,4,0,0
315.078485,6,363,386958
315.078485,7,0,0
315.078485,2,0,0
315.078485,3,0,0
316.105338,10,0,0
316.105338,8,0,0
316.105338,9,0,0
316.105338,5,0,0
316.105338,1,500,533000
316.105338,4,0,0
316.105338,6,364,388024
316.105338,7,0,0
316.105338,2,0,0
316.105338,3,0,0
317.114153,10,0,0
317.114153,8,0,0
317.114153,9,0,0
317.114153,5,0,0
317.114153,1,500,533000
317.114153,4,0,0
317.114153,6,366,390156
317.114153,7,0,0
317.114153,2,0,0
317.114153,3,0,0
318.130444,10,0,0
318.130444,8,0,0
318.130444,9,0,0
318.130444,5,0,0
318.130444,1,500,533000
318.130444,4,0,0
318.130444,6,367,391222
318.130444,7,0,0
318.130444,2,0,0
318.130444,3,0,0
319.158302,10,0,0
319.158302,8,0,0
319.158302,9,0,0
319.158302,5,0,0
319.158302,1,500,533000
319.158302,4,0,0
319.158302,6,368,392288
319.158302,7,0,0
319.158302,2,0,0
319.158302,3,0,0
320.19065,10,0,0
320.19065,8,0,0
320.19065,9,0,0
320.19065,5,0,0
320.19065,1,500,533000
320.19065,4,0,0
320.19065,6,369,393354
320.19065,7,0,0
320.19065,2,0,0
320.19065,3,0,0
321.230285,10,0,0
321.230285,8,0,0
321.230285,9,0,0
321.230285,5,0,0
321.230285,1,500,533000
321.230285,4,0,0
321.230285,6,370,394420
321.230285,7,0,0
321.230285,2,0,0
321.230285,3,0,0
322.260836,10,0,0
322.260836,8,0,0
322.260836,9,0,0
322.260836,5,0,0
322.260836,1,500,533000
322.260836,4,0,0
322.260836,6,372,396552
322.260836,7,0,0
322.260836,2,0,0
322.260836,3,0,0
323.288698,10,0,0
323.288698,8,0,0
323.288698,9,0,0
323.288698,5,0,0
323.288698,1,500,533000
323.288698,4,0,0
323.288698,6,373,397618
323.288698,7,0,0
323.288698,2,0,0
323.288698,3,0,0
324.296028,10,0,0
324.296028,8,0,0
324.296028,9,0,0
324.296028,5,0,0
324.296028,1,500,533000
324.296028,4,0,0
324.296028,6,374,398684
324.296028,7,0,0
324.296028,2,0,0
324.296028,3,0,0
325.323645,10,0,0
325.323645,8,0,0
325.323645,9,0,0
325.323645,5,0,0
325.323645,1,500,533000
325.323645,4,0,0
325.323645,6,375,399750
325.323645,7,0,0
325.323645,2,0,0
325.323645,3,0,0
326.353196,10,0,0
326.353196,8,0,0
326.353196,9,0,0
326.353196,5,0,0
326.353196,1,500,533000
326.353196,4,0,0
326.353196,6,376,400816
326.353196,7,0,0
326.353196,2,0,0
326.353196,3,0,0
327.386678,10,0,0
327.386678,8,0,0
327.386678,9,0,0
327.386678,5,0,0
327.386678,1,500,533000
327.386678,4,0,0
327.386678,6,377,401882
327.386678,7,0,0
327.386678,2,0,0
327.386678,3,0,0
328.412675,10,0,0
328.412675,8,0,0
328.412675,9,0,0
328.412675,5,0,0
328.412675,1,500,533000
328.412675,4,0,0
328.412675,6,379,404014
328.412675,7,0,0
328.412675,2,0,0
328.412675,3,0,0
329.442143,10,0,0
329.442143,8,0,0
329.442143,9,0,0
329.442143,5,0,0
329.442143,1,500,533000
329.442143,4,0,0
329.442143,6,380,405080
329.442143,7,0,0
329.442143,2,0,0
329.442143,3,0,0
330.45383,10,0,0
330.45383,8,0,0
330.45383,9,0,0
330.45383,5,0,0
330.45383,1,500,533000
330.45383,4,0,0
330.45383,6,381,406146
330.45383,7,0,0
330.45383,2,0,0
330.45383,3,0,0
331.483671,10,0,0
331.483671,8,0,0
331.483671,9,0,0
331.483671,5,0,0
331.483671,1,500,533000
331.483671,4,0,0
331.483671,6,382,407212
331.483671,7,0,0
331.483671,2,0,0
331.483671,3,0,0
332.513279,10,0,0
332.513279,8,0,0
332.513279,9,0,0
332.513279,5,0,0
332.513279,1,500,533000
332.513279,4,0,0
332.513279,6,383,408278
332.513279,7,0,0
332.513279,2,0,0
332.513279,3,0,0
333.543491,10,0,0
333.543491,8,0,0
333.543491,9,0,0
333.543491,5,0,0
333.543491,1,500,533000
333.543491,4,0,0
333.543491,6,384,409344
333.543491,7,0,0
333.543491,2,0,0
333.543491,3,0,0
334.575614,10,0,0
334.575614,8,0,0
334.575614,9,0,0
334.575614,5,0,0
334.575614,1,500,533000
334.575614,4,0,0
334.575614,6,386,411476
334.575614,7,0,0
334.575614,2,0,0
334.575614,3,0,0
335.606823,10,0,0
335.606823,8,0,0
335.606823,9,0,0
335.606823,5,0,0
335.606823,1,500,533000
335.606823,4,0,0
335.606823,6,387,412542
335.606823,7,0,0
335.606823,2,0,0
335.606823,3,0,0
336.636322,10,0,0
336.636322,8,0,0
336.636322,9,0,0
336.636322,5,0,0
336.636322,1,500,533000
336.636322,4,0,0
336.636322,6,388,413608
336.636322,7,0,0
336.636322,2,0,0
336.636322,3,0,0
337.665689,10,0,0
337.665689,8,0,0
337.665689,9,0,0
337.665689,5,0,0
337.665689,1,500,533000
337.665689,4,0,0
337.665689,6,389,414674
337.665689,7,0,0
337.665689,2,0,0
337.665689,3,0,0
338.694501,10,0,0
338.694501,8,0,0
338.694501,9,0,0
338.694501,5,0,0
338.694501,1,500,533000
338.694501,4,0,0
338.694501,6,390,415740
338.694501,7,0,0
338.694501,2,0,0
338.694501,3,0,0
339.725482,10,0,0
339.725482,8,0,0
339.725482,9,0,0
339.725482,5,0,0
339.725482,1,500,533000
339.725482,4,0,0
339.725482,6,392,417872
339.725482,7,0,0
339.725482,2,0,0
339.725482,3,0,0
340.754505,10,0,0
340.754505,8,0,0
340.754505,9,0,0
340.754505,5,0,0
340.754505,1,500,533000
340.754505,4,0,0
340.754505,6,393,418938
340.754505,7,0,0
340.754505,2,0,0
340.754505,3,0,0
341.763492,10,0,0
341.763492,8,0,0
341.763492,9,0,0
341.763492,5,0,0
341.763492,1,500,533000
341.763492,4,0,0
341.763492,6,394,420004
341.763492,7,0,0
341.763492,2,0,0
341.763492,3,0,0
342.795004,10,0,0
342.795004,8,0,0
342.795004,9,0,0
342.795004,5,0,0
342.795004,1,500,533000
342.795004,4,0,0
342.795004,6,395,421070
342.795004,7,0,0
342.795004,2,0,0
342.795004,3,0,0
343.811009,10,0,0
343.811009,8,0,0
343.811009,9,0,0
343.811009,5,0,0
343.811009,1,500,533000
343.811009,4,0,0
343.811009,6,396,422136
343.811009,7,0,0
343.811009,2,0,0
343.811009,3,0,0
344.840475,10,0,0
344.840475,8,0,0
344.840475,9,0,0
344.840475,5,0,0
344.840475,1,500,533000
344.840475,4,0,0
344.840475,6,397,423202
344.840475,7,0,0
344.840475,2,0,0
344.840475,3,0,0
345.868339,10,0,0
345.868339,8,0,0
345.868339,9,0,0
345.868339,5,0,0
345.868339,1,500,533000
345.868339,4,0,0
345.868339,6,399,425334
345.868339,7,0,0
345.868339,2,0,0
345.868339,3,0,0
346.8936,10,0,0
346.8936,8,0,0
346.8936,9,0,0
346.8936,5,0,0
346.8936,1,500,533000
346.8936,4,0,0
346.8936,6,400,426400
346.8936,7,0,0
346.8936,2,0,0
346.8936,3,0,0
347.926478,10,0,0
347.926478,8,0,0
347.926478,9,0,0
347.926478,5,0,0
347.926478,1,500,533000
347.926478,4,0,0
347.926478,6,401,427466
347.926478,7,0,0
347.926478,2,0,0
347.926478,3,0,0
348.955125,10,0,0
348.955125,8,0,0
348.955125,9,0,0
348.955125,5,0,0
348.955125,1,500,533000
348.955125,4,0,0
348.955125,6,402,428532
348.955125,7,0,0
348.955125,2,0,0
348.955125,3,0,0
349.98281,10,0,0
349.98281,8,0,0
349.98281,9,0,0
349.98281,5,0,0
349.98281,1,500,533000
349.98281,4,0,0
349.98281,6,403,429598
349.98281,7,0,0
349.98281,2,0,0
349.98281,3,0,0
351.013638,10,0,0
351.013638,8,0,0
351.013638,9,0,0
351.013638,5,0,0
351.013638,1,500,533000
351.013638,4,0,0
351.013638,6,405,431730
351.013638,7,0,0
351.013638,2,0,0
351.013638,3,0,0
352.045896,10,0,0
352.045896,8,0,0
352.045896,9,0,0
352.045896,5,0,0
352.045896,1,500,533000
352.045896,4,0,0
352.045896,6,406,432796
352.045896,7,0,0
352.045896,2,0,0
352.045896,3,0,0
353.073368,10,0,0
353.073368,8,0,0
353.073368,9,0,0
353.073368,5,0,0
353.073368,1,500,533000
353.073368,4,0,0
353.073368,6,407,433862
353.073368,7,0,0
353.073368,2,0,0
353.073368,3,0,0
354.090243,10,0,0
354.090243,8,0,0
354.090243,9,0,0
354.090243,5,0,0
354.090243,1,500,533000
354.090243,4,0,0
354.090243,6,408,434928
354.090243,7,0,0
354.090243,2,0,0
354.090243,3,0,0
355.105312,10,0,0
355.105312,8,0,0
355.105312,9,0,0
355.105312,5,0,0
355.105312,1,500,533000
355.105312,4,0,0
355.105312,6,409,435994
355.105312,7,0,0
355.105312,2,0,0
355.105312,3,0,0
356.113887,10,0,0
356.113887,8,0,0
356.113887,9,0,0
356.113887,5,0,0
356.113887,1,500,533000
356.113887,4,0,0
356.113887,6,410,437060
356.113887,7,0,0
356.113887,2,0,0
356.113887,3,0,0
357.14705,10,0,0
357.14705,8,0,0
357.14705,9,0,0
357.14705,5,0,0
357.14705,1,500,533000
357.14705,4,0,0
357.14705,6,412,439192
357.14705,7,0,0
357.14705,2,0,0
357.14705,3,0,0
358.175393,10,0,0
358.175393,8,0,0
358.175393,9,0,0
358.175393,5,0,0
358.175393,1,500,533000
358.175393,4,0,0
358.175393,6,413,440258
358.175393,7,0,0
358.175393,2,0,0
358.175393,3,0,0
359.204343,10,0,0
359.204343,8,0,0
359.204343,9,0,0
359.204343,5,0,0
359.204343,1,500,533000
359.204343,4,0,0
359.204343,6,414,441324
359.204343,7,0,0
359.204343,2,0,0
359.204343,3,0,0
360.212857,10,0,0
360.212857,8,0,0
360.212857,9,0,0
360.212857,5,0,0
360.212857,1,500,533000
360.212857,4,0,0
360.212857,6,415,442390
360.212857,7,0,0
360.212857,2,0,0
360.212857,3,0,0
361.243152,10,0,0
361.243152,8,0,0
361.243152,9,0,0
361.243152,5,0,0
361.243152,1,500,533000
361.243152,4,0,0
361.243152,6,416,443456
361.243152,7,0,0
361.243152,2,0,0
361.243152,3,0,0
362.273447,10,0,0
362.273447,8,0,0
362.273447,9,0,0
362.273447,5,0,0
362.273447,1,500,533000
362.273447,4,0,0
362.273447,6,418,445588
362.273447,7,0,0
362.273447,2,0,0
362.273447,3,0,0
363.299759,10,0,0
363.299759,8,0,0
363.299759,9,0,0
363.299759,5,0,0
363.299759,1,500,533000
363.299759,4,0,0
363.299759,6,419,446654
363.299759,7,0,0
363.299759,2,0,0
363.299759,3,0,0
364.324224,10,0,0
364.324224,8,0,0
364.324224,9,0,0
364.324224,5,0,0
364.324224,1,500,533000
364.324224,4,0,0
364.324224,6,420,447720
364.324224,7,0,0
364.324224,2,0,0
364.324224,3,0,0
365.350304,10,0,0
365.350304,8,0,0
365.350304,9,0,0
365.350304,5,0,0
365.350304,1,500,533000
365.350304,4,0,0
365.350304,6,421,448786
365.350304,7,0,0
365.350304,2,0,0
365.350304,3,0,0
366.359195,10,0,0
366.359195,8,0,0
366.359195,9,0,0
366.359195,5,0,0
366.359195,1,500,533000
366.359195,4,0,0
366.359195,6,422,449852
366.359195,7,0,0
366.359195,2,0,0
366.359195,3,0,0
367.389993,10,0,0
367.389993,8,0,0
367.389993,9,0,0
367.389993,5,0,0
367.389993,1,500,533000
367.389993,4,0,0
367.389993,6,423,450918
367.389993,7,0,0
367.389993,2,0,0
367.389993,3,0,0
368.418684,10,0,0
368.418684,8,0,0
368.418684,9,0,0
368.418684,5,0,0
368.418684,1,500,533000
368.418684,4,0,0
368.418684,6,425,453050
368.418684,7,0,0
368.418684,2,0,0
368.418684,3,0,0
369.451877,10,0,0
369.451877,8,0,0
369.451877,9,0,0
369.451877,5,0,0
369.451877,1,500,533000
369.451877,4,0,0
369.451877,6,426,454116
369.451877,7,0,0
369.451877,2,0,0
369.451877,3,0,0
370.485884,10,0,0
370.485884,8,0,0
370.485884,9,0,0
370.485884,5,0,0
370.485884,1,500,533000
370.485884,4,0,0
370.485884,6,427,455182
370.485884,7,0,0
370.485884,2,0,0
370.485884,3,0,0
371.514855,10,0,0
371.514855,8,0,0
371.514855,9,0,0
371.514855,5,0,0
371.514855,1,500,533000
371.514855,4,0,0
371.514855,6,428,456248
371.514855,7,0,0
371.514855,2,0,0
371.514855,3,0,0
372.546167,10,0,0
372.546167,8,0,0
372.546167,9,0,0
372.546167,5,0,0
372.546167,1,500,533000
372.546167,4,0,0
372.546167,6,429,457314
372.546167,7,0,0
372.546167,2,0,0
372.546167,3,0,0
373.57522,10,0,0
373.57522,8,0,0
373.57522,9,0,0
373.57522,5,0,0
373.57522,1,500,533000
373.57522,4,0,0
373.57522,6,430,458380
373.57522,7,0,0
373.57522,2,0,0
373.57522,3,0,0
374.605132,10,0,0
374.605132,8,0,0
374.605132,9,0,0
374.605132,5,0,0
374.605132,1,500,533000
374.605132,4,0,0
374.605132,6,432,460512
374.605132,7,0,0
374.605132,2,0,0
374.605132,3,0,0
375.640431,10,0,0
375.640431,8,0,0
375.640431,9,0,0
375.640431,5,0,0
375.640431,1,500,533000
375.640431,4,0,0
375.640431,6,433,461578
375.640431,7,0,0
375.640431,2,0,0
375.640431,3,0,0
376.670317,10,0,0
376.670317,8,0,0
376.670317,9,0,0
376.670317,5,0,0
376.670317,1,500,533000
376.670317,4,0,0
376.670317,6,434,462644
376.670317,7,0,0
376.670317,2,0,0
376.670317,3,0,0
377.701624,10,0,0
377.701624,8,0,0
377.701624,9,0,0
377.701624,5,0,0
377.701624,1,500,533000
377.701624,4,0,0
377.701624,6,435,463710
377.701624,7,0,0
377.701624,2,0,0
377.701624,3,0,0
378.730819,10,0,0
378.730819,8,0,0
378.730819,9,0,0
378.730819,5,0,0
378.730819,1,500,533000
378.730819,4,0,0
378.730819,6,436,464776
378.730819,7,0,0
378.730819,2,0,0
378.730819,3,0,0
379.76606,10,0,0
379.76606,8,0,0
379.76606,9,0,0
379.76606,5,0,0
379.76606,1,500,533000
379.76606,4,0,0
379.76606,6,438,466908
379.76606,7,0,0
379.76606,2,0,0
379.76606,3,0,0
380.800845,10,0,0
380.800845,8,0,0
380.800845,9,0,0
380.800845,5,0,0
380.800845,1,500,533000
380.800845,4,0,0
380.800845,6,439,467974
380.800845,7,0,0
380.800845,2,0,0
380.800845,3,0,0
381.815446,10,0,0
381.815446,8,0,0
381.815446,9,0,0
381.815446,5,0,0
381.815446,1,500,533000
381.815446,4,0,0
381.815446,6,440,469040
381.815446,7,0,0
381.815446,2,0,0
381.815446,3,0,0
382.845197,10,0,0
382.845197,8,0,0
382.845197,9,0,0
382.845197,5,0,0
382.845197,1,500,533000
382.845197,4,0,0
382.845197,6,441,470106
382.845197,7,0,0
382.845197,2,0,0
382.845197,3,0,0
383.876479,10,0,0
383.876479,8,0,0
383.876479,9,0,0
383.876479,5,0,0
383.876479,1,500,533000
383.876479,4,0,0
383.876479,6,442,471172
383.876479,7,0,0
383.876479,2,0,0
383.876479,3,0,0
384.901287,10,0,0
384.901287,8,0,0
384.901287,9,0,0
384.901287,5,0,0
384.901287,1,500,533000
384.901287,4,0,0
384.901287,6,444,473304
384.901287,7,0,0
384.901287,2,0,0
384.901287,3,0,0
385.937979,10,0,0
385.937979,8,0,0
385.937979,9,0,0
385.937979,5,0,0
385.937979,1,500,533000
385.937979,4,0,0
385.937979,6,445,474370
385.937979,7,0,0
385.937979,2,0,0
385.937979,3,0,0
386.965964,10,0,0
386.965964,8,0,0
386.965964,9,0,0
386.965964,5,0,0
386.965964,1,500,533000
386.965964,4,0,0
386.965964,6,446,475436
386.965964,7,0,0
386.965964,2,0,0
386.965964,3,0,0
387.974428,10,0,0
387.974428,8,0,0
387.974428,9,0,0
387.974428,5,0,0
387.974428,1,500,533000
387.974428,4,0,0
387.974428,6,447,476502
387.974428,7,0,0
387.974428,2,0,0
387.974428,3,0,0
389.005809,10,0,0
389.005809,8,0,0
389.005809,9,0,0
389.005809,5,0,0
389.005809,1,500,533000
389.005809,4,0,0
389.005809,6,448,477568
389.005809,7,0,0
389.005809,2,0,0
389.005809,3,0,0
390.031264,10,0,0
390.031264,8,0,0
390.031264,9,0,0
390.031264,5,0,0
390.031264,1,500,533000
390.031264,4,0,0
390.031264,6,449,478634
390.031264,7,0,0
390.031264,2,0,0
390.031264,3,0,0
391.061058,10,0,0
391.061058,8,0,0
391.061058,9,0,0
391.061058,5,0,0
391.061058,1,500,533000
391.061058,4,0,0
391.061058,6,451,480766
391.061058,7,0,0
391.061058,2,0,0
391.061058,3,0,0
392.096982,10,0,0
392.096982,8,0,0
392.096982,9,0,0
392.096982,5,0,0
392.096982,1,500,533000
392.096982,4,0,0
392.096982,6,452,481832
392.096982,7,0,0
392.096982,2,0,0
392.096982,3,0,0
393.105621,10,0,0
393.105621,8,0,0
393.105621,9,0,0
393.105621,5,0,0
393.105621,1,500,533000
393.105621,4,0,0
393.105621,6,453,482898
393.105621,7,0,0
393.105621,2,0,0
393.105621,3,0,0
394.123615,10,0,0
394.123615,8,0,0
394.123615,9,0,0
394.123615,5,0,0
394.123615,1,500,533000
394.123615,4,0,0
394.123615,6,454,483964
394.123615,7,0,0
394.123615,2,0,0
394.123615,3,0,0
395.139872,10,0,0
395.139872,8,0,0
395.139872,9,0,0
395.139872,5,0,0
395.139872,1,500,533000
395.139872,4,0,0
395.139872,6,455,485030
395.139872,7,0,0
395.139872,2,0,0
395.139872,3,0,0
396.153238,10,0,0
396.153238,8,0,0
396.153238,9,0,0
396.153238,5,0,0
396.153238,1,500,533000
396.153238,4,0,0
396.153238,6,456,486096
396.153238,7,0,0
396.153238,2,0,0
396.153238,3,0,0
397.180336,10,0,0
397.180336,8,0,0
397.180336,9,0,0
397.180336,5,0,0
397.180336,1,500,533000
397.180336,4,0,0
397.180336,6,458,488228
397.180336,7,0,0
397.180336,2,0,0
397.180336,3,0,0
398.187229,10,0,0
398.187229,8,0,0
398.187229,9,0,0
398.187229,5,0,0
398.187229,1,500,533000
398.187229,4,0,0
398.187229,6,459,489294
398.187229,7,0,0
398.187229,2,0,0
398.187229,3,0,0
399.21477,10,0,0
399.21477,8,0,0
399.21477,9,0,0
399.21477,5,0,0
399.21477,1,500,533000
399.21477,4,0,0
399.21477,6,460,490360
399.21477,7,0,0
399.21477,2,0,0
399.21477,3,0,0
400.250548,10,0,0
400.250548,8,0,0
400.250548,9,0,0
400.250548,5,0,0
400.250548,1,500,533000
400.250548,4,0,0
400.250548,6,461,491426
400.250548,7,0,0
400.250548,2,0,0
400.250548,3,0,0
401.282963,10,0,0
401.282963,8,0,0
401.282963,9,0,0
401.282963,5,0,0
401.282963,1,500,533000
401.282963,4,0,0
401.282963,6,462,492492
401.282963,7,0,0
401.282963,2,0,0
401.282963,3,0,0
402.310624,10,0,0
402.310624,8,0,0
402.310624,9,0,0
402.310624,5,0,0
402.310624,1,500,533000
402.310624,4,0,0
402.310624,6,464,494624
402.310624,7,0,0
402.310624,2,0,0
402.310624,3,0,0
403.336612,10,0,0
403.336612,8,0,0
403.336612,9,0,0
403.336612,5,0,0
403.336612,1,500,533000
403.336612,4,0,0
403.336612,6,465,495690
403.336612,7,0,0
403.336612,2,0,0
403.336612,3,0,0
404.342955,10,0,0
404.342955,8,0,0
404.342955,9,0,0
404.342955,5,0,0
404.342955,1,500,533000
404.342955,4,0,0
404.342955,6,466,496756
404.342955,7,0,0
404.342955,2,0,0
404.342955,3,0,0
405.369344,10,0,0
405.369344,8,0,0
405.369344,9,0,0
405.369344,5,0,0
405.369344,1,500,533000
405.369344,4,0,0
405.369344,6,467,497822
405.369344,7,0,0
405.369344,2,0,0
405.369344,3,0,0
406.388913,10,0,0
406.388913,8,0,0
406.388913,9,0,0
406.388913,5,0,0
406.388913,1,500,533000
406.388913,4,0,0
406.388913,6,468,498888
406.388913,7,0,0
406.388913,2,0,0
406.388913,3,0,0
407.417455,10,0,0
407.417455,8,0,0
407.417455,9,0,0
407.417455,5,0,0
407.417455,1,500,533000
407.417455,4,0,0
407.417455,6,469,499954
407.417455,7,0,0
407.417455,2,0,0
407.417455,3,0,0
408.453076,10,0,0
408.453076,8,0,0
408.453076,9,0,0
408.453076,5,0,0
408.453076,1,500,533000
408.453076,4,0,0
408.453076,6,471,502086
408.453076,7,0,0
408.453076,2,0,0
408.453076,3,0,0
409.480476,10,0,0
409.480476,8,0,0
409.480476,9,0,0
409.480476,5,0,0
409.480476,1,500,533000
409.480476,4,0,0
409.480476,6,472,503152
409.480476,7,0,0
409.480476,2,0,0
409.480476,3,0,0
410.51863,10,0,0
410.51863,8,0,0
410.51863,9,0,0
410.51863,5,0,0
410.51863,1,500,533000
410.51863,4,0,0
410.51863,6,473,504218
410.51863,7,0,0
410.51863,2,0,0
410.51863,3,0,0
411.544854,10,0,0
411.544854,8,0,0
411.544854,9,0,0
411.544854,5,0,0
411.544854,1,500,533000
411.544854,4,0,0
411.544854,6,474,505284
411.544854,7,0,0
411.544854,2,0,0
411.544854,3,0,0
412.576209,10,0,0
412.576209,8,0,0
412.576209,9,0,0
412.576209,5,0,0
412.576209,1,500,533000
412.576209,4,0,0
412.576209,6,475,506350
412.576209,7,0,0
412.576209,2,0,0
412.576209,3,0,0
413.603915,10,0,0
413.603915,8,0,0
413.603915,9,0,0
413.603915,5,0,0
413.603915,1,500,533000
413.603915,4,0,0
413.603915,6,476,507416
413.603915,7,0,0
413.603915,2,0,0
413.603915,3,0,0
414.630936,10,0,0
414.630936,8,0,0
414.630936,9,0,0
414.630936,5,0,0
414.630936,1,500,533000
414.630936,4,0,0
414.630936,6,478,509548
414.630936,7,0,0
414.630936,2,0,0
414.630936,3,0,0
415.657729,10,0,0
415.657729,8,0,0
415.657729,9,0,0
415.657729,5,0,0
415.657729,1,500,533000
415.657729,4,0,0
415.657729,6,479,510614
415.657729,7,0,0
415.657729,2,0,0
415.657729,3,0,0
416.687829,10,0,0
416.687829,8,0,0
416.687829,9,0,0
416.687829,5,0,0
416.687829,1,500,533000
416.687829,4,0,0
416.687829,6,480,511680
416.687829,7,0,0
416.687829,2,0,0
416.687829,3,0,0
417.717793,10,0,0
417.717793,8,0,0
417.717793,9,0,0
417.717793,5,0,0
417.717793,1,500,533000
417.717793,4,0,0
417.717793,6,481,512746
417.717793,7,0,0
417.717793,2,0,0
417.717793,3,0,0
418.745937,10,0,0
418.745937,8,0,0
418.745937,9,0,0
418.745937,5,0,0
418.745937,1,500,533000
418.745937,4,0,0
418.745937,6,482,513812
418.745937,7,0,0
418.745937,2,0,0
418.745937,3,0,0
419.77561,10,0,0
419.77561,8,0,0
419.77561,9,0,0
419.77561,5,0,0
419.77561,1,500,533000
419.77561,4,0,0
419.77561,6,484,515944
419.77561,7,0,0
419.77561,2,0,0
419.77561,3,0,0
420.798326,10,0,0
420.798326,8,0,0
420.798326,9,0,0
420.798326,5,0,0
420.798326,1,500,533000
420.798326,4,0,0
420.798326,6,485,517010
420.798326,7,0,0
420.798326,2,0,0
420.798326,3,0,0
421.82687,10,0,0
421.82687,8,0,0
421.82687,9,0,0
421.82687,5,0,0
421.82687,1,500,533000
421.82687,4,0,0
421.82687,6,486,518076
421.82687,7,0,0
421.82687,2,0,0
421.82687,3,0,0
422.858221,10,0,0
422.858221,8,0,0
422.858221,9,0,0
422.858221,5,0,0
422.858221,1,500,533000
422.858221,4,0,0
422.858221,6,487,519142
422.858221,7,0,0
422.858221,2,0,0
422.858221,3,0,0
423.888095,10,0,0
423.888095,8,0,0
423.888095,9,0,0
423.888095,5,0,0
423.888095,1,500,533000
423.888095,4,0,0
423.888095,6,488,520208
423.888095,7,0,0
423.888095,2,0,0
423.888095,3,0,0
424.913609,10,0,0
424.913609,8,0,0
424.913609,9,0,0
424.913609,5,0,0
424.913609,1,500,533000
424.913609,4,0,0
424.913609,6,489,521274
424.913609,7,0,0
424.913609,2,0,0
424.913609,3,0,0
425.941392,10,0,0
425.941392,8,0,0
425.941392,9,0,0
425.941392,5,0,0
425.941392,1,500,533000
425.941392,4,0,0
425.941392,6,491,523406
425.941392,7,0,0
425.941392,2,0,0
425.941392,3,0,0
426.968815,10,0,0
426.968815,8,0,0
426.968815,9,0,0
426.968815,5,0,0
426.968815,1,500,533000
426.968815,4,0,0
426.968815,6,492,524472
426.968815,7,0,0
426.968815,2,0,0
426.968815,3,0,0
428.009687,10,0,0
428.009687,8,0,0
428.009687,9,0,0
428.009687,5,0,0
428.009687,1,500,533000
428.009687,4,0,0
428.009687,6,493,525538
428.009687,7,0,0
428.009687,2,0,0
428.009687,3,0,0
429.036046,10,0,0
429.036046,8,0,0
429.036046,9,0,0
429.036046,5,0,0
429.036046,1,500,533000
429.036046,4,0,0
429.036046,6,494,526604
429.036046,7,0,0
429.036046,2,0,0
429.036046,3,0,0
430.078272,10,0,0
430.078272,8,0,0
430.078272,9,0,0
430.078272,5,0,0
430.078272,1,500,533000
430.078272,4,0,0
430.078272,6,495,527670
430.078272,7,0,0
430.078272,2,0,0
430.078272,3,0,0
431.100994,10,0,0
431.100994,8,0,0
431.100994,9,0,0
431.100994,5,0,0
431.100994,1,500,533000
431.100994,4,0,0
431.100994,6,497,529802
431.100994,7,0,0
431.100994,2,0,0
431.100994,3,0,0
432.108527,10,0,0
432.108527,8,0,0
432.108527,9,0,0
432.108527,5,0,0
432.108527,1,500,533000
432.108527,4,0,0
432.108527,6,498,530868
432.108527,7,0,0
432.108527,2,0,0
432.108527,3,0,0
433.122509,10,0,0
433.122509,8,0,0
433.122509,9,0,0
433.122509,5,0,0
433.122509,1,500,533000
433.122509,4,0,0
433.122509,6,499,531934
433.122509,7,0,0
433.122509,2,0,0
433.122509,3,0,0
434.15998,10,0,0
434.15998,8,0,0
434.15998,9,0,0
434.15998,5,0,0
434.15998,1,500,533000
434.15998,4,0,0
434.15998,6,500,533000
434.15998,7,0,0
434.15998,2,0,0
434.15998,3,0,0
